# 20MM 5 CAL ANSR -- SPIN-73 output table (Whyte 1973), p. 32 (JP2 0035).
# Heavily inked page: 6/8, 1/3 and 4/9 look very much alike; cells with one of these pairs ambiguous were left empty.
#
# input: VB=0.000 VCG=3.040 DM=0.000 BD=1.000 OR=8.000 BOOM=0.000
# input: DIA=0 IX=0 IY=0 WGT=0 TWIST=0
# header: VCG ?.04? in the header; 3.040 from the identity CNPA = CYPA*(VCG-CPF1): 2.225 + 0.652/0.800 = 3.040 (printed columns only)
# header: DM printed 0.000: the program uses zero (the CX closes that way)
# decide: VL 4.95 5.05 CMQ | header 5.0??
# decide: VN 1.90 2.10 CNA | header 2.0?? illegible
#
# identity: CMA 0.01 3.3?2 -> 3.362 | (3.040-1.469)*2.140 = 3.362 (pair 4/6)
# identity: CMA 0.6 3.3?3 -> 3.383 | (3.040-1.459)*2.140 = 3.383 (pair 4/8)
# identity: CMA 0.95 ?.7?3 -> 3.723 | (3.040-1.384)*2.248 = 3.7227
# identity: CNPA3 1.05 20.?94 -> 20.694 | 3.75 + 16.9444 (pair 4/6)
# identity: CNPA5P 0.95 -?69.444 -> -469.444 | 10*(3.75 - 50.694)
#
# doubtful: CNA 2.0 2.?54 | 6 or 8 (the old transcription said 2.854)
# doubtful: CX 0.01 ?.??2 | erased
# doubtful: CX 0.6 ?.??2 | erased
# doubtful: CX 0.8 0.?14 | 0 or 1
# doubtful: CX 0.95 ?.?31 | erased
# doubtful: CX2 0.9 3.71? | last digit
# doubtful: CX2 0.95 4.1?7 | erased
# doubtful: CX2 1.35 5.??4 | erased
# doubtful: CX2 2.0 ?.9?6 | erased
# doubtful: CX2 5.0 1.?5? | erased
# doubtful: CNPA5 1.1 0.?16 | 1 or 3 (the identity gives 0.4365: does not decide the last digit)
MACH,CX,CX2,CNA,CMA,CPN,CYPA,CNPA,CNPA3,CNPA5P,CPF1,CPF5,CNPA5,CMQ,CLP
0.01,,2.765,2.140,3.362,1.469,-0.800,-0.652,97.361,-936.111,2.225,3.325,0.228,-8.088,-0.033
0.6,,2.765,2.140,3.383,1.459,-0.800,-0.652,97.361,-936.111,2.225,3.325,0.228,-8.088,-0.033
0.8,,3.255,2.160,3.458,1.439,-0.800,-0.492,88.472,-847.222,2.425,3.425,0.308,-8.088,-0.031
0.9,0.242,,2.215,3.621,1.406,-0.900,-0.194,64.583,-608.333,2.825,3.475,0.391,-11.113,-0.026
0.95,,,2.248,3.723,1.384,-1.150,0.098,50.694,-469.444,3.125,3.525,0.558,-14.020,-0.023
1.0,0.398,4.735,2.285,3.808,1.374,-1.050,0.194,34.583,-308.333,3.225,3.525,0.509,-18.659,-0.022
1.05,0.446,5.232,2.373,3.743,1.463,-0.950,0.271,20.694,-169.444,3.325,3.525,0.461,-18.919,-0.022
1.1,0.442,5.796,2.394,3.808,1.449,-0.900,0.301,14.583,-108.333,3.375,3.525,,-20.963,-0.021
1.2,0.434,6.395,2.455,3.872,1.463,-0.800,0.292,10.250,-65.000,3.405,3.525,0.388,-23.020,-0.021
1.35,0.417,,2.546,3.889,1.513,-0.800,0.308,8.472,-47.222,3.425,3.525,0.388,-24.599,-0.021
1.5,0.400,5.192,2.658,3.894,1.575,-0.800,0.316,7.583,-38.333,3.435,3.525,0.388,-26.211,-0.021
1.75,0.374,4.589,2.761,3.808,1.661,-0.800,0.324,6.694,-29.444,3.445,3.525,0.388,-26.211,-0.020
2.0,0.351,,,3.701,1.748,-0.800,0.332,5.806,-20.556,3.455,3.525,0.388,-26.211,-0.020
2.5,0.311,3.361,2.969,3.514,1.856,-0.800,0.340,4.917,-11.667,3.465,3.525,0.388,-26.211,-0.019
3.0,0.278,2.820,2.925,3.329,1.902,-0.800,0.348,4.028,-2.778,3.475,3.525,0.388,-26.211,-0.018
4.0,0.240,2.335,2.825,3.300,1.872,-0.800,0.348,4.028,-2.778,3.475,3.525,0.388,-26.211,-0.018
5.0,0.218,,2.725,3.265,1.842,-0.800,0.348,4.028,-2.778,3.475,3.525,0.388,-26.211,-0.017
