# M1 (90 MM M71 / 105 MM M1) -- SPIN-73 output table (Whyte 1973), pp. 44 and 47 (JP2 0047 and 0050).
# The two pages of the scan carry THE SAME printout (same title, "M1", same header and the same
# stroke across the Mach 1.75 line): one of the report's two tables is missing from the
# scan. Read on p. 47, cleaner, with p. 44 as a second image.
# Reading with glyph classes (A = 6 or 8; [xy] = x or y; ? = illegible); see resolve_glyphs.py.
#
# input: VL=4.700 VB=0.500 VCG=2.980 DM=0.133 BD=1.024 OR=6.900 BOOM=0.000
# input: DIA=0 IX=0 IY=0 WGT=0 TWIST=0
# header: VCG 2.9A0; 2.980 from the Magnus identities with printed columns (Mach 0.01: 3.399 - 0.336/0.802 = 2.980)
# header: VB 0.?00 (5 or 9); 0.500
# decide: VN 2.300 2.309 CPF1 | header 2.30n (the 'n' may be the open 0 of this printout, as in 4.7n0, or 6/8)
#
# Generated by resolve_glyphs.py from readings/p44_m1.txt
#
# identity: CYPA 0.01 -.A02 -> -0.802 | the only reading that closes the identities between printed columns
# identity: CNPA5P 0.01 -A77.444 -> -877.444 | the only reading that closes the identities between printed columns
# identity: CPF1 0.01 2.3A7 -> 2.367 | the only reading that closes the identities between printed columns
# identity: CNA 0.6 1.A73 -> 1.673 | the only reading that closes the identities between printed columns
# identity: CMA 0.6 3.9A0 -> 3.960 | the only reading that closes the identities between printed columns
# identity: CYPA 0.6 -.A02 -> -0.802 | the only reading that closes the identities between printed columns
# identity: CNPA5P 0.6 -A77.444 -> -877.444 | the only reading that closes the identities between printed columns
# identity: CPF1 0.6 2.3A7 -> 2.367 | the only reading that closes the identities between printed columns
# identity: CNA 0.8 1.A93 -> 1.693 | the only reading that closes the identities between printed columns
# identity: CNPA3 0.8 A3.119 -> 83.119 | the only reading that closes the identities between printed columns
# identity: CNPA5P 0.8 -7?3.AA6 -> -793.686 | the only reading that closes the identities between printed columns
# identity: CPF1 0.95 3.0A0 -> 3.080 | the only reading that closes the identities between printed columns
# identity: CPF5 0.95 3.4A2 -> 3.462 | the only reading that closes the identities between printed columns
# identity: CPF1 1.05 3.3?3 -> 3.333 | the only reading that closes the identities between printed columns
# identity: CYPA 1.1 -.A96 -> -0.896 | the only reading that closes the identities between printed columns
# identity: CMA 1.2 4.0A9 -> 4.069 | the only reading that closes the identities between printed columns
# identity: CPN 1.2 1.21A -> 1.216 | the only reading that closes the identities between printed columns
# identity: CYPA 1.2 -.A02 -> -0.802 | the only reading that closes the identities between printed columns
# identity: CNPA 1.2 0.39A -> 0.396 | the only reading that closes the identities between printed columns
# identity: CPF5 1.2 3.5A6 -> 3.586 | the only reading that closes the identities between printed columns
# identity: CNPA5 1.2 0.4A6 -> 0.486 | the only reading that closes the identities between printed columns
# identity: CMA 1.35 3.AA9 -> 3.889 | the only reading that closes the identities between printed columns
# identity: CPN 1.35 1.3A4 -> 1.384 | the only reading that closes the identities between printed columns
# identity: CYPA 1.35 -.A02 -> -0.802 | the only reading that closes the identities between printed columns
# identity: CNPA5P 1.35 -41.AA9 -> -41.889 | the only reading that closes the identities between printed columns
# identity: CPF5 1.35 3.5A6 -> 3.586 | the only reading that closes the identities between printed columns
# identity: CNPA5 1.35 0.4A6 -> 0.486 | the only reading that closes the identities between printed columns
# identity: CYPA 1.75 -.A02 -> -0.802 | the only reading that closes the identities between printed columns
# identity: CNPA 1.75 0.4?A -> 0.426 | the only reading that closes the identities between printed columns
# identity: CNPA3 1.75 6.2AA -> 6.268 | the only reading that closes the identities between printed columns
# identity: CPF5 1.75 3.5A6 -> 3.586 | the only reading that closes the identities between printed columns
# identity: CNPA5 1.75 0.4A6 -> 0.486 | the only reading that closes the identities between printed columns
# identity: CYPA 2.0 -.A02 -> -0.802 | the only reading that closes the identities between printed columns
# identity: CNPA5P 2.0 -1A.A22 -> -16.822 | the only reading that closes the identities between printed columns
# identity: CPF5 2.0 3.5A6 -> 3.586 | the only reading that closes the identities between printed columns
# identity: CNPA5 2.0 0.4A6 -> 0.486 | the only reading that closes the identities between printed columns
# identity: CYPA 2.5 -.A02 -> -0.802 | the only reading that closes the identities between printed columns
# identity: CNPA5P 2.5 -A.467 -> -8.467 | the only reading that closes the identities between printed columns
# identity: CPF1 2.5 3.5?0 -> 3.530 | the only reading that closes the identities between printed columns
# identity: CPF5 2.5 3.5A6 -> 3.586 | the only reading that closes the identities between printed columns
# identity: CNPA5 2.5 0.4A6 -> 0.486 | the only reading that closes the identities between printed columns
# identity: CYPA 3.0 -.A02 -> -0.802 | the only reading that closes the identities between printed columns
# identity: CPF5 3.0 3.5A6 -> 3.586 | the only reading that closes the identities between printed columns
# identity: CNPA5 3.0 0.4A6 -> 0.486 | the only reading that closes the identities between printed columns
# identity: CYPA 4.0 -.A02 -> -0.802 | the only reading that closes the identities between printed columns
# identity: CPF5 4.0 3.5A6 -> 3.586 | the only reading that closes the identities between printed columns
# identity: CNPA5 4.0 0.4A6 -> 0.486 | the only reading that closes the identities between printed columns
# identity: CMA 5.0 3.5?4 -> 3.524 | the only reading that closes the identities between printed columns
# identity: CPN 5.0 1.A7A -> 1.676 | the only reading that closes the identities between printed columns
# identity: CYPA 5.0 -.A02 -> -0.802 | the only reading that closes the identities between printed columns
# identity: CPF5 5.0 3.5A6 -> 3.586 | the only reading that closes the identities between printed columns
# identity: CNPA5 5.0 0.4A6 -> 0.486 | the only reading that closes the identities between printed columns
#
# doubtful: CNA 0.01 1.A7[13] | not resolved by the identities
# doubtful: CMA 0.01 3.9?9 | not resolved by the identities
# doubtful: CPN 0.01 0.A2? | not resolved by the identities
# doubtful: CX 0.6 0.?27 | not resolved by the identities
# doubtful: CPN 0.6 0.A1? | not resolved by the identities
# doubtful: CNPA 0.6 -.49? | not resolved by the identities
# doubtful: CX 0.8 0.1?9 | not resolved by the identities
# doubtful: CX2 0.8 3.?71 | not resolved by the identities
# doubtful: CMA 0.8 4.17A | not resolved by the identities
# doubtful: CPN 0.8 0.?1? | not resolved by the identities
# doubtful: CYPA 0.8 -.A02 (no reading closes the identities) | not resolved by the identities
# doubtful: CNPA 0.8 -.?41 (no reading closes the identities) | not resolved by the identities
# doubtful: CX 0.9 0.14? | not resolved by the identities
# doubtful: CYPA 0.9 -.A96 (no reading closes the identities) | not resolved by the identities
# doubtful: CNPA 0.9 -.0A9 (no reading closes the identities) | not resolved by the identities
# doubtful: CNPA3 0.9 A0.AA3 | not resolved by the identities
# doubtful: CNPA5P 0.9 -?69.[13][13][13] | not resolved by the identities
# doubtful: CPF1 0.9 2.A01 (no reading closes the identities) | not resolved by the identities
# doubtful: CPF5 0.9 3.?94 (no reading closes the identities) | not resolved by the identities
# doubtful: CNPA5 0.9 0.4A1 (no reading closes the identities) | not resolved by the identities
# doubtful: CMQ 0.9 -9.74A | not resolved by the identities
# doubtful: CX 0.95 0.?33 | not resolved by the identities
# doubtful: CMA 0.95 4.6?9 | not resolved by the identities
# doubtful: CPN 0.95 0.?7? | not resolved by the identities
# doubtful: CNPA 0.95 0.11? | not resolved by the identities
# doubtful: CNPA3 0.95 47.A7A (no reading closes the identities) | not resolved by the identities
# doubtful: CNPA5P 0.95 -43A.77A (no reading closes the identities) | not resolved by the identities
# doubtful: CX 1.0 0.?27 | not resolved by the identities
# doubtful: CX2 1.0 4.49? | not resolved by the identities
# doubtful: CNA 1.0 2.?01 (no reading closes the identities) | not resolved by the identities
# doubtful: CMA 1.0 4.4?3 (no reading closes the identities) | not resolved by the identities
# doubtful: CPN 1.0 ?.A34 (no reading closes the identities) | not resolved by the identities
# doubtful: CNPA 1.0 0.2?3 (no reading closes the identities) | not resolved by the identities
# doubtful: CNPA3 1.0 32.4A3 | not resolved by the identities
# doubtful: CNPA5P 1.0 -2A7.[13][13][13] | not resolved by the identities
# doubtful: CPF1 1.0 3.2A4 (no reading closes the identities) | not resolved by the identities
# doubtful: CMQ 1.0 -15.99A | not resolved by the identities
# doubtful: CX2 1.05 5.0?4 | not resolved by the identities
# doubtful: CPN 1.05 1.?74 (no reading closes the identities) | not resolved by the identities
# doubtful: CNPA3 1.05 19.47A (no reading closes the identities) | not resolved by the identities
# doubtful: CNPA5P 1.05 -1?A.77A (no reading closes the identities) | not resolved by the identities
# doubtful: CMQ 1.05 -15.47A | not resolved by the identities
# doubtful: CX 1.1 0.4?5 | not resolved by the identities
# doubtful: CX2 1.1 5.5?? | not resolved by the identities
# doubtful: CMA 1.1 4.?03 (no reading closes the identities) | not resolved by the identities
# doubtful: CPN 1.1 1.13A (no reading closes the identities) | not resolved by the identities
# doubtful: CNPA 1.1 0.37A | not resolved by the identities
# doubtful: CNPA3 1.1 13.AA3 | not resolved by the identities
# doubtful: CNPA5P 1.1 -99.?33 | not resolved by the identities
# doubtful: CPF1 1.1 3.4?? | not resolved by the identities
# doubtful: CPF5 1.1 3.54? | not resolved by the identities
# doubtful: CMQ 1.1 -16.75A | not resolved by the identities
# doubtful: CX2 1.2 A.1?7 | not resolved by the identities
# doubtful: CNPA3 1.2 9.A1? | not resolved by the identities
# doubtful: CNPA5P 1.2 -5A.A?0 | not resolved by the identities
# doubtful: CMQ 1.2 -1A.00? | not resolved by the identities
# doubtful: CX 1.35 0.3A9 | not resolved by the identities
# doubtful: CYPA 1.5 -.A02 (no reading closes the identities) | not resolved by the identities
# doubtful: CPF1 1.5 3.5A2 (no reading closes the identities) | not resolved by the identities
# doubtful: CPF5 1.5 3.5A6 (no reading closes the identities) | not resolved by the identities
# doubtful: CNPA5 1.5 0.4A6 (no reading closes the identities) | not resolved by the identities
# doubtful: CNA 1.75 2.A90 (no reading closes the identities) | not resolved by the identities
# doubtful: CNPA5P 1.75 -25.17A | not resolved by the identities
# doubtful: CX2 2.0 3.A24 | not resolved by the identities
# doubtful: CNA 2.0 2.?90 (no reading closes the identities) | not resolved by the identities
# doubtful: CMA 2.0 3.A37 (no reading closes the identities) | not resolved by the identities
# doubtful: CPN 2.0 1.A07 (no reading closes the identities) | not resolved by the identities
# doubtful: CX2 2.5 3.?99 | not resolved by the identities
# doubtful: CNA 2.5 2.9?[27] (no reading closes the identities) | not resolved by the identities
# doubtful: CPN 2.5 1.A99 (no reading closes the identities) | not resolved by the identities
# doubtful: CX2 3.0 2.5A7 | not resolved by the identities
# doubtful: CMA 3.0 3.5?5 | not resolved by the identities
# doubtful: CPN 3.0 1.74? | not resolved by the identities
# doubtful: CX2 4.0 2.1?5 | not resolved by the identities
# doubtful: CNA 4.0 2.A03 (no reading closes the identities) | not resolved by the identities
# doubtful: CMA 4.0 3.5A7 (no reading closes the identities) | not resolved by the identities
# doubtful: CX2 5.0 1.?44 | not resolved by the identities
MACH,CX,CX2,CNA,CMA,CPN,CYPA,CNPA,CNPA3,CNPA5P,CPF1,CPF5,CNPA5,CMQ,CLP
0.01,0.127,2.551,,,,-0.802,-0.491,91.494,-877.444,2.367,3.399,0.336,-7.495,-0.031
0.6,,2.551,1.673,3.960,,-0.802,,91.494,-877.444,2.367,3.399,0.336,-7.495,-0.031
0.8,,,1.693,,,,,83.119,-793.686,2.559,3.491,0.411,-7.495,-0.030
0.9,,3.617,1.745,4.473,0.417,,,,,,,,,-0.025
0.95,,4.221,1.927,,,-1.131,,,,3.080,3.462,0.546,-12.134,-0.022
1.0,,,,,,-1.037,,,,,3.490,0.529,,-0.020
1.05,0.405,,2.147,4.131,,-0.943,0.333,,,3.333,3.523,0.512,,-0.020
1.1,,,2.222,,,-0.896,,,,,,0.503,,-0.020
1.2,0.403,,2.307,4.069,1.216,-0.802,0.396,,,3.474,3.586,0.486,,-0.020
1.35,,5.527,2.437,3.889,1.384,-0.802,0.411,7.939,-41.889,3.493,3.586,0.486,-17.697,-0.020
1.5,0.374,4.941,2.573,4.012,1.421,,0.419,7.103,-33.533,,,,-17.299,-0.020
1.75,,4.374,,3.901,1.533,-0.802,0.426,6.268,,3.511,3.586,0.486,-17.299,-0.019
2.0,0.330,,,,,-0.802,0.434,5.432,-16.822,3.521,3.586,0.486,-17.299,-0.019
2.5,0.293,,,3.759,,-0.802,0.441,4.597,-8.467,3.530,3.586,0.486,-17.299,-0.018
3.0,,,2.903,,,-0.802,0.449,3.761,-0.111,3.540,3.586,0.486,-17.299,-0.017
4.0,0.223,,,,1.709,-0.802,0.449,3.761,-0.111,3.540,3.586,0.486,-17.299,-0.017
5.0,0.201,,2.703,3.524,1.676,-0.802,0.449,3.761,-0.111,3.540,3.586,0.486,-17.299,-0.016
