# 5"/54 NAVY -- SPIN-73 output table (Whyte 1973), p. 56 (JP2 0059).
# The most degraded page of the report after p. 44. Reading with glyph classes
# (A = 6 or 8; [xy] = x or y; ? = illegible); see resolve_glyphs.py. Only cells that are
# legible or resolved by the identities between printed columns enter.
#
# input: VCG=3.210 DM=0.110 OR=13.000 BOOM=0.000
# input: DIA=0 IX=0 IY=0 WGT=0 TWIST=0
# header: VCG 3.21? in the header; 3.210 from the identities CNPA5 = CYPA*(VCG-CPF5) and CNPA = CYPA*(VCG-CPF1) with printed columns (Mach 0.01: 3.796 - 0.524/0.894 = 3.210; Mach 2.0: 3.919 - 0.633/0.894 = 3.211)
# header: VL 5.2A?, VN ?.63?, VB ?.52?, BD 1.04? illegible
# decide: VL 5.260 5.289 CMQ | header 5.2A?; only one Cmq cell is legible (Mach 1.35)
# decide: VB 0.520 0.529 CYPA | header ?.52?
# decide: VN 2.630 2.639 CPF1 | header ?.63?
# decide: BD 1.040 1.049 CX | header 1.04?
#
# Generated by resolve_glyphs.py from readings/p56_5in54_navy.txt
#
# identity: CYPA 0.01 -.A94 -> -0.894 | the only reading that closes the identities between printed columns
# identity: CPF1 0.01 2.7A0 -> 2.760 | the only reading that closes the identities between printed columns
# identity: CPF5 0.01 3.79A -> 3.796 | the only reading that closes the identities between printed columns
# identity: CNPA5 0.01 0.5?4 -> 0.524 | the only reading that closes the identities between printed columns
# identity: CYPA 1.05 -1.0?1 -> -1.051 | the only reading that closes the identities between printed columns
# identity: CNPA3 1.05 21.7?7 -> 21.797 | the only reading that closes the identities between printed columns
# identity: CNPA5P 1.05 -1?0.4?7 -> -180.467 | the only reading that closes the identities between printed columns
# identity: CPF1 1.05 3.72A -> 3.728 | the only reading that closes the identities between printed columns
# identity: CPF5 1.05 3.91A -> 3.918 | the only reading that closes the identities between printed columns
# identity: CNPA3 1.1 1?.3?3 -> 15.363 | the only reading that closes the identities between printed columns
# identity: CNPA5P 1.1 -11A.133 -> -116.133 | the only reading that closes the identities between printed columns
# identity: CYPA 1.2 -.A94 -> -0.894 | the only reading that closes the identities between printed columns
# identity: CPF1 1.2 3.A72 -> 3.872 | the only reading that closes the identities between printed columns
# identity: CPF5 1.2 3.9A5 -> 3.985 | the only reading that closes the identities between printed columns
# identity: CYPA 1.35 -.A94 -> -0.894 | the only reading that closes the identities between printed columns
# identity: CNPA 1.35 0.A0A -> 0.608 | the only reading that closes the identities between printed columns
# identity: CPF5 1.35 3.9A5 -> 3.985 | the only reading that closes the identities between printed columns
# identity: CNPA5 1.35 0.A92 -> 0.692 | the only reading that closes the identities between printed columns
# identity: CYPA 1.5 -.A94 -> -0.894 | the only reading that closes the identities between printed columns
# identity: CNPA 1.5 0.A17 -> 0.617 | the only reading that closes the identities between printed columns
# identity: CNPA5P 1.5 -4?.?93 -> -42.493 | the only reading that closes the identities between printed columns
# identity: CPF1 1.5 3.9?0 -> 3.900 | the only reading that closes the identities between printed columns
# identity: CPF5 1.5 3.9A5 -> 3.985 | the only reading that closes the identities between printed columns
# identity: CNA 1.75 2.A19 -> 2.619 | the only reading that closes the identities between printed columns
# identity: CMA 1.75 3.A5? -> 3.650 | the only reading that closes the identities between printed columns
# identity: CPN 1.75 1.A17 -> 1.817 | the only reading that closes the identities between printed columns
# identity: CYPA 1.75 -.A94 -> -0.894 | the only reading that closes the identities between printed columns
# identity: CNPA3 1.75 7.0A4 -> 7.064 | the only reading that closes the identities between printed columns
# identity: CNPA5P 1.75 -33.1?7 -> -33.137 | the only reading that closes the identities between printed columns
# identity: CPF5 1.75 3.9A5 -> 3.985 | the only reading that closes the identities between printed columns
# identity: CNPA5 1.75 0.A92 -> 0.692 | the only reading that closes the identities between printed columns
# identity: CYPA 2.0 -.A94 -> -0.894 | the only reading that closes the identities between printed columns
# identity: CNPA 2.0 0.A33 -> 0.633 | the only reading that closes the identities between printed columns
# identity: CNPA3 2.0 6.1[27]9 -> 6.129 | the only reading that closes the identities between printed columns
# identity: CPF5 2.0 3.9A5 -> 3.985 | the only reading that closes the identities between printed columns
# identity: CNPA5 2.0 0.A92 -> 0.692 | the only reading that closes the identities between printed columns
# identity: CYPA 2.5 -.A94 -> -0.894 | the only reading that closes the identities between printed columns
# identity: CPF5 2.5 3.9A5 -> 3.985 | the only reading that closes the identities between printed columns
# identity: CNPA5 2.5 0.A92 -> 0.692 | the only reading that closes the identities between printed columns
# identity: CNA 3.0 2.A43 -> 2.843 | the only reading that closes the identities between printed columns
# identity: CMA 3.0 3.0A9 -> 3.089 | the only reading that closes the identities between printed columns
# identity: CPN 3.0 2.1?4 -> 2.124 | the only reading that closes the identities between printed columns
# identity: CYPA 3.0 -.A94 -> -0.894 | the only reading that closes the identities between printed columns
# identity: CNPA5P 3.0 -5.0A9 -> -5.089 | the only reading that closes the identities between printed columns
# identity: CPF5 3.0 3.9A5 -> 3.985 | the only reading that closes the identities between printed columns
# identity: CNPA5 3.0 0.A92 -> 0.692 | the only reading that closes the identities between printed columns
# identity: CYPA 4.0 -.A94 -> -0.894 | the only reading that closes the identities between printed columns
# identity: CNPA5P 4.0 -5.0A9 -> -5.089 | the only reading that closes the identities between printed columns
# identity: CPF5 4.0 3.9A5 -> 3.985 | the only reading that closes the identities between printed columns
# identity: CNPA5 4.0 0.A92 -> 0.692 | the only reading that closes the identities between printed columns
# identity: CYPA 5.0 -.A94 -> -0.894 | the only reading that closes the identities between printed columns
# identity: CNPA5P 5.0 -5.0A9 -> -5.089 | the only reading that closes the identities between printed columns
# identity: CPF5 5.0 3.9A5 -> 3.985 | the only reading that closes the identities between printed columns
# identity: CNPA5 5.0 0.A92 -> 0.692 | the only reading that closes the identities between printed columns
#
# doubtful: CX 0.01 ?.?32 | not resolved by the identities
# doubtful: CX2 0.01 2.51? | not resolved by the identities
# doubtful: CNA 0.01 1.AA? | not resolved by the identities
# doubtful: CMA 0.01 ?.41? | not resolved by the identities
# doubtful: CPN 0.01 ?.40A | not resolved by the identities
# doubtful: CNPA 0.01 -.40? | not resolved by the identities
# doubtful: CNPA3 0.01 1A2.44A (no reading closes the identities) | not resolved by the identities
# doubtful: CNPA5P 0.01 -9??.?5A (no reading closes the identities) | not resolved by the identities
# doubtful: CMQ 0.01 -11.94? | not resolved by the identities
# doubtful: CX 0.6 ?.?3? | not resolved by the identities
# doubtful: CX2 0.6 2.51? | not resolved by the identities
# doubtful: CNA 0.6 ?.AA? | not resolved by the identities
# doubtful: CMA 0.6 3.4?? | not resolved by the identities
# doubtful: CPN 0.6 ?.A9? | not resolved by the identities
# doubtful: CYPA 0.6 -.A94 (no reading closes the identities) | not resolved by the identities
# doubtful: CNPA 0.6 -.4A5 (no reading closes the identities) | not resolved by the identities
# doubtful: CNPA3 0.6 10?.44A | not resolved by the identities
# doubtful: CNPA5P 0.6 -9??.?5A | not resolved by the identities
# doubtful: CPF1 0.6 2.7A0 (no reading closes the identities) | not resolved by the identities
# doubtful: CPF5 0.6 3.79A (no reading closes the identities) | not resolved by the identities
# doubtful: CNPA5 0.6 0.5?4 (no reading closes the identities) | not resolved by the identities
# doubtful: CMQ 0.6 -11.94? | not resolved by the identities
# doubtful: CX 0.8 ?.?34 | not resolved by the identities
# doubtful: CX2 0.8 ?.?3A | not resolved by the identities
# doubtful: CNA 0.8 ?.AA? | not resolved by the identities
# doubtful: CMA 0.8 4.?AA | not resolved by the identities
# doubtful: CPN 0.8 ?.77A | not resolved by the identities
# doubtful: CYPA 0.8 -.A94 (no reading closes the identities) | not resolved by the identities
# doubtful: CNPA 0.8 -.2?1 (no reading closes the identities) | not resolved by the identities
# doubtful: CNPA3 0.8 93.A94 (no reading closes the identities) | not resolved by the identities
# doubtful: CNPA5P 0.8 -?93.444 (no reading closes the identities) | not resolved by the identities
# doubtful: CPF5 0.8 3.A9? (no reading closes the identities) | not resolved by the identities
# doubtful: CNPA5 0.8 0.A0A (no reading closes the identities) | not resolved by the identities
# doubtful: CMQ 0.8 -11.94? | not resolved by the identities
# doubtful: CX 0.9 ?.?55 | not resolved by the identities
# doubtful: CX2 0.9 3.57? | not resolved by the identities
# doubtful: CNA 0.9 ?.7?A | not resolved by the identities
# doubtful: CMA 0.9 4.54A | not resolved by the identities
# doubtful: CPN 0.9 ?.A7? | not resolved by the identities
# doubtful: CYPA 0.9 -.9?? | not resolved by the identities
# doubtful: CNPA 0.9 0.0A4 | not resolved by the identities
# doubtful: CNPA3 0.9 A7.9A3 (no reading closes the identities) | not resolved by the identities
# doubtful: CNPA5P 0.9 -A47.1?? (no reading closes the identities) | not resolved by the identities
# doubtful: CPF1 0.9 3.?74 | not resolved by the identities
# doubtful: CPF5 0.9 3.A9? | not resolved by the identities
# doubtful: CNPA5 0.9 0.AA0 | not resolved by the identities
# doubtful: CMQ 0.9 -14.?A3 | not resolved by the identities
# doubtful: CLP 0.9 -.02A | not resolved by the identities
# doubtful: CX 0.95 ?.212 | not resolved by the identities
# doubtful: CX2 0.95 ?.05? | not resolved by the identities
# doubtful: CNA 0.95 ?.?59 (no reading closes the identities) | not resolved by the identities
# doubtful: CMA 0.95 4.4?1 (no reading closes the identities) | not resolved by the identities
# doubtful: CPN 0.95 1.73? (no reading closes the identities) | not resolved by the identities
# doubtful: CYPA 0.95 -1.2A2 (no reading closes the identities) | not resolved by the identities
# doubtful: CNPA 0.95 0.?1A (no reading closes the identities) | not resolved by the identities
# doubtful: CNPA3 0.95 53.3?7 (no reading closes the identities) | not resolved by the identities
# doubtful: CNPA5P 0.95 -49A.?27 (no reading closes the identities) | not resolved by the identities
# doubtful: CPF1 0.95 3.47? (no reading closes the identities) | not resolved by the identities
# doubtful: CPF5 0.95 3.A55 (no reading closes the identities) | not resolved by the identities
# doubtful: CNPA5 0.95 0.A14 (no reading closes the identities) | not resolved by the identities
# doubtful: CMQ 0.95 -1A.A74 | not resolved by the identities
# doubtful: CX 1.0 ?.317 | not resolved by the identities
# doubtful: CX2 1.0 4.41? | not resolved by the identities
# doubtful: CMA 1.0 4.1?9 (no reading closes the identities) | not resolved by the identities
# doubtful: CPN 1.0 1.A9A (no reading closes the identities) | not resolved by the identities
# doubtful: CNPA 1.0 0.44A (no reading closes the identities) | not resolved by the identities
# doubtful: CNPA3 1.0 36.AA3 (no reading closes the identities) | not resolved by the identities
# doubtful: CNPA5P 1.0 -32A.?1? (no reading closes the identities) | not resolved by the identities
# doubtful: CPF1 1.0 3.5?7 (no reading closes the identities) | not resolved by the identities
# doubtful: CPF5 1.0 3.A04 (no reading closes the identities) | not resolved by the identities
# doubtful: CNPA5 1.0 0.77? (no reading closes the identities) | not resolved by the identities
# doubtful: CMQ 1.0 -20.53? | not resolved by the identities
# doubtful: CX 1.05 ?.?73 | not resolved by the identities
# doubtful: CX2 1.05 4.A?5 | not resolved by the identities
# doubtful: CNA 1.05 2.11? | not resolved by the identities
# doubtful: CMA 1.05 4.??9 | not resolved by the identities
# doubtful: CPN 1.05 1.?5? | not resolved by the identities
# doubtful: CMQ 1.05 -20.01? | not resolved by the identities
# doubtful: CX 1.1 ?.373 | not resolved by the identities
# doubtful: CX2 1.1 5.41? | not resolved by the identities
# doubtful: CNA 1.1 2.1?5 | not resolved by the identities
# doubtful: CMA 1.1 3.?7? | not resolved by the identities
# doubtful: CPN 1.1 1.?7? | not resolved by the identities
# doubtful: CYPA 1.1 -.9?? | not resolved by the identities
# doubtful: CNPA 1.1 0.?05 | not resolved by the identities
# doubtful: CPF1 1.1 3.79A | not resolved by the identities
# doubtful: CPF5 1.1 3.9?? | not resolved by the identities
# doubtful: CNPA5 1.1 0.72? | not resolved by the identities
# doubtful: CMQ 1.1 -21.?70 | not resolved by the identities
# doubtful: CX 1.2 ?.3AA | not resolved by the identities
# doubtful: CX2 1.2 5.97? | not resolved by the identities
# doubtful: CMA 1.2 3.9?5 | not resolved by the identities
# doubtful: CPN 1.2 1.4?5 | not resolved by the identities
# doubtful: CNPA 1.2 0.59? | not resolved by the identities
# doubtful: CNPA3 1.2 10.A09 (no reading closes the identities) | not resolved by the identities
# doubtful: CNPA5P 1.2 -7?.A47 (no reading closes the identities) | not resolved by the identities
# doubtful: CNPA5 1.2 0.A9? | not resolved by the identities
# doubtful: CMQ 1.2 -23.2AA | not resolved by the identities
# doubtful: CX 1.35 ?.?51 | not resolved by the identities
# doubtful: CX2 1.35 5.43? | not resolved by the identities
# doubtful: CMA 1.35 3.A43 (no reading closes the identities) | not resolved by the identities
# doubtful: CPN 1.35 1.A9A (no reading closes the identities) | not resolved by the identities
# doubtful: CNPA3 1.35 8.9?4 | not resolved by the identities
# doubtful: CNPA5P 1.35 -?1.A44 | not resolved by the identities
# doubtful: CPF1 1.35 3.A9? | not resolved by the identities
# doubtful: CX 1.5 ?.?39 | not resolved by the identities
# doubtful: CX2 1.5 4.A31 | not resolved by the identities
# doubtful: CNA 1.5 2.50? (no reading closes the identities) | not resolved by the identities
# doubtful: CMA 1.5 3.A?A (no reading closes the identities) | not resolved by the identities
# doubtful: CPN 1.5 1.A9A (no reading closes the identities) | not resolved by the identities
# doubtful: CNPA5 1.5 0.A9? | not resolved by the identities
# doubtful: CMQ 1.5 -24.07A | not resolved by the identities
# doubtful: CX2 1.75 4.2AA | not resolved by the identities
# doubtful: CNPA 1.75 0.A?5 | not resolved by the identities
# doubtful: CPF1 1.75 3.9?9 | not resolved by the identities
# doubtful: CMQ 1.75 -24.07A | not resolved by the identities
# doubtful: CX2 2.0 3.73? | not resolved by the identities
# doubtful: CMA 2.0 3.47? | not resolved by the identities
# doubtful: CPN 2.0 1.?4? | not resolved by the identities
# doubtful: CMQ 2.0 -24.07A | not resolved by the identities
# doubtful: CX2 2.5 3.1?4 | not resolved by the identities
# doubtful: CNA 2.5 2.A92 (no reading closes the identities) | not resolved by the identities
# doubtful: CMA 2.5 3.2A7 (no reading closes the identities) | not resolved by the identities
# doubtful: CPN 2.5 2.AA? (no reading closes the identities) | not resolved by the identities
# doubtful: CNPA 2.5 0.A4? | not resolved by the identities
# doubtful: CPF1 2.5 3.92A | not resolved by the identities
# doubtful: CMQ 2.5 -24.07A | not resolved by the identities
# doubtful: CNPA 3.0 0.A5? | not resolved by the identities
# doubtful: CPF1 3.0 3.93A | not resolved by the identities
# doubtful: CMQ 3.0 -24.07A | not resolved by the identities
# doubtful: CX 4.0 ?.?95 | not resolved by the identities
# doubtful: CX2 4.0 2.30? | not resolved by the identities
# doubtful: CMA 4.0 3.0A2 (no reading closes the identities) | not resolved by the identities
# doubtful: CPN 4.0 2.A9? (no reading closes the identities) | not resolved by the identities
# doubtful: CNPA 4.0 0.A5? | not resolved by the identities
# doubtful: CPF1 4.0 3.93A | not resolved by the identities
# doubtful: CMQ 4.0 -24.07A | not resolved by the identities
# doubtful: CX2 5.0 1.A37 | not resolved by the identities
# doubtful: CNA 5.0 2.A43 (no reading closes the identities) | not resolved by the identities
# doubtful: CMA 5.0 3.??0 (no reading closes the identities) | not resolved by the identities
# doubtful: CPN 5.0 2.A64 (no reading closes the identities) | not resolved by the identities
# doubtful: CNPA 5.0 0.A5? | not resolved by the identities
# doubtful: CPF1 5.0 3.93A | not resolved by the identities
# doubtful: CMQ 5.0 -24.07A | not resolved by the identities
MACH,CX,CX2,CNA,CMA,CPN,CYPA,CNPA,CNPA3,CNPA5P,CPF1,CPF5,CNPA5,CMQ,CLP
0.01,,,,,,-0.894,,,,2.760,3.796,0.524,,-0.035
0.6,,,,,,,,,,,,,,-0.035
0.8,,,,,,,,,,2.949,,,,-0.033
0.9,,,,,,,,,,,,,,
0.95,,,,,,,,,,,,,,-0.024
1.0,,,1.995,,,-1.157,,,,,,,,-0.023
1.05,,,,,,-1.051,0.544,21.797,-180.467,3.728,3.918,0.744,,-0.023
1.1,,,,,,,,15.363,-116.133,,,,,-0.023
1.2,,,2.252,,,-0.894,,,,3.872,3.985,,,-0.022
1.35,,,2.372,,,-0.894,0.608,,,,3.985,0.692,-23.479,-0.022
1.5,,,,,,-0.894,0.617,7.999,-42.493,3.900,3.985,,,-0.022
1.75,0.312,,2.619,3.650,1.817,-0.894,,7.064,-33.137,,3.985,0.692,,-0.021
2.0,0.291,,2.737,,,-0.894,0.633,6.129,-23.791,3.919,3.985,0.692,,-0.021
2.5,0.259,,,,,-0.894,,5.194,-14.440,,3.985,0.692,,-0.020
3.0,0.233,2.524,2.843,3.089,2.124,-0.894,,4.259,-5.089,,3.985,0.692,,-0.019
4.0,,,2.743,,,-0.894,,4.259,-5.089,,3.985,0.692,,-0.019
5.0,0.173,,,,,-0.894,,4.259,-5.089,,3.985,0.692,,-0.018
