# 155MM M549 -- SPIN-73 output table (Whyte 1973), p. 62 (JP2 0065).
# Reading with glyph classes (A = 6 or 8; [xy] = x or y; ? = illegible); see resolve_glyphs.py.
#
# input: VB=0.590 VCG=3.520 DM=0.090 BOOM=0.000
# input: DIA=0 IX=0 IY=0 WGT=0 TWIST=0
# header: VCG ?.520; 3.520 from the identity CNPA5 = CYPA*(VCG-CPF5) with printed columns (4.121 - 0.579/0.963 = 3.5198)
# header: VL 5.A5?, VN ?.99?, BD 1.02?, OR ?8.900 (8.9 or 18.9) illegible
# decide: VL 5.60 5.70 CMQ | header 5.A5?
# decide: VN 2.990 2.999 CPF5 | header ?.99? at zoom 8 (the old reading, ?.90?, came from the small crop and left the whole CPF5 0.02 low)
# decided: OR=18.900 CX2 | header ?8.900: with 8.9 the CX2 misses by 0.33; with 18.9, by 0.005
# decide: BD 1.018 1.030 CX | header 1.02?
#
# Generated by resolve_glyphs.py from readings/p62_155mm_m549.txt
#
# identity: CYPA 0.01 -.9A3 -> -0.963 | the only reading that closes the identities between printed columns
# identity: CYPA 0.6 -.9A3 -> -0.963 | the only reading that closes the identities between printed columns
# identity: CYPA 0.8 -.9A3 -> -0.963 | the only reading that closes the identities between printed columns
# identity: CNPA 0.8 -.2[13]5 -> -0.235 | the only reading that closes the identities between printed columns
# identity: CYPA 0.9 -1.07A -> -1.076 | the only reading that closes the identities between printed columns
# identity: CNPA5P 0.9 -692.?33 -> -692.833 | the only reading that closes the identities between printed columns
# identity: CMA 0.95 5.2A1 -> 5.281 | the only reading that closes the identities between printed columns
# identity: CNA 1.0 1.9[03]5 -> 1.905 | the only reading that closes the identities between printed columns
# identity: CMA 1.0 4.9?0 -> 4.920 | the only reading that closes the identities between printed columns
# identity: CPN 1.0 ?.?37 -> 0.937 | the only reading that closes the identities between printed columns
# identity: CNA 1.05 2.[03]40 -> 2.040 | the only reading that closes the identities between printed columns
# identity: CMA 1.05 4.5?6 -> 4.506 | the only reading that closes the identities between printed columns
# identity: CPN 1.1 1.40A -> 1.406 | the only reading that closes the identities between printed columns
# identity: CNPA 1.1 0.A[13]9 -> 0.639 | the only reading that closes the identities between printed columns
# identity: CNA 1.2 2.1AA -> 2.188 | the only reading that closes the identities between printed columns
# identity: CMA 1.2 4.3?9 -> 4.339 | the only reading that closes the identities between printed columns
# identity: CPN 1.2 1.?37 -> 1.537 | the only reading that closes the identities between printed columns
# identity: CNPA 1.2 0.6[59]1 -> 0.651 | the only reading that closes the identities between printed columns
# identity: CNPA 1.35 0.AA9 -> 0.669 | the only reading that closes the identities between printed columns
# identity: CNPA3 1.35 9.A2A -> 9.628 | the only reading that closes the identities between printed columns
# identity: CMA 1.5 4.1?2 -> 4.112 | the only reading that closes the identities between printed columns
# identity: CPN 1.5 1.A2A -> 1.828 | the only reading that closes the identities between printed columns
# identity: CNPA 1.5 0.A7A -> 0.678 | the only reading that closes the identities between printed columns
# identity: CNPA 1.75 0.6A7 -> 0.687 | the only reading that closes the identities between printed columns
# identity: CNPA5P 1.75 -3A.AA9 -> -38.689 | the only reading that closes the identities between printed columns
# identity: CNA 2.0 2.AA0 -> 2.680 | the only reading that closes the identities between printed columns
# identity: CMA 2.0 3.7?3 -> 3.703 | the only reading that closes the identities between printed columns
# identity: CPN 2.0 2.13A -> 2.138 | the only reading that closes the identities between printed columns
# identity: CNPA 2.0 0.69A -> 0.696 | the only reading that closes the identities between printed columns
# identity: CPN 2.5 2.?29 -> 2.329 | the only reading that closes the identities between printed columns
# identity: CPN 3.0 2.?7A -> 2.376 | the only reading that closes the identities between printed columns
# identity: CNPA3 3.0 4.A0A -> 4.606 | the only reading that closes the identities between printed columns
# identity: CMA 4.0 3.1?9 -> 3.139 | the only reading that closes the identities between printed columns
# identity: CPN 4.0 2.?45 -> 2.345 | the only reading that closes the identities between printed columns
# identity: CNPA3 4.0 4.A0A -> 4.606 | the only reading that closes the identities between printed columns
# identity: CPN 5.0 2.?14 -> 2.314 | the only reading that closes the identities between printed columns
# identity: CNPA3 5.0 4.60A -> 4.606 | the only reading that closes the identities between printed columns
# identity: CPF1 5.0 4.2A2 -> 4.262 | the only reading that closes the identities between printed columns
#
# doubtful: CX2 0.01 2.5?4 | not resolved by the identities
# doubtful: CNA 0.01 1.5?? | not resolved by the identities
# doubtful: CMA 0.01 4.34? | not resolved by the identities
# doubtful: CNPA 0.01 -.4?? | not resolved by the identities
# doubtful: CPF1 0.01 3.0[4A]9 | not resolved by the identities
# doubtful: CX2 0.6 2.5?4 | not resolved by the identities
# doubtful: CNA 0.6 1.5?9 | not resolved by the identities
# doubtful: CMA 0.6 4.37A | not resolved by the identities
# doubtful: CNPA 0.6 -.4?? | not resolved by the identities
# doubtful: CPF1 0.6 3.0[4A]9 | not resolved by the identities
# doubtful: CX2 0.8 2.?A3 | not resolved by the identities
# doubtful: CMA 0.8 4.A4? | not resolved by the identities
# doubtful: CX2 0.9 ?.93A | not resolved by the identities
# doubtful: CNA 0.9 1.A40 | not resolved by the identities
# doubtful: CMA 0.9 5.2A? | not resolved by the identities
# doubtful: CNPA 0.9 ?.0?? | not resolved by the identities
# doubtful: CMQ 0.9 -15.14? | not resolved by the identities
# doubtful: CX 0.95 0.1A2 | not resolved by the identities
# doubtful: CX2 0.95 ?.?7? | not resolved by the identities
# doubtful: CPN 0.95 ?.49? | not resolved by the identities
# doubtful: CYPA 0.95 -1.34A (no reading closes the identities) | not resolved by the identities
# doubtful: CNPA 0.95 0.35? (no reading closes the identities) | not resolved by the identities
# doubtful: CNPA3 0.95 57.[13][13]9 | not resolved by the identities
# doubtful: CNPA5P 0.95 -535.??0 | not resolved by the identities
# doubtful: CPF1 0.95 3.7A0 (no reading closes the identities) | not resolved by the identities
# doubtful: CX 1.0 0.2A5 | not resolved by the identities
# doubtful: CX2 1.0 4.4A5 | not resolved by the identities
# doubtful: CNPA 1.0 0.4A4 (no reading closes the identities) | not resolved by the identities
# doubtful: CNPA5P 1.0 -353.A43 (no reading closes the identities) | not resolved by the identities
# doubtful: CPF1 1.0 3.9A9 (no reading closes the identities) | not resolved by the identities
# doubtful: CX2 1.05 4.?04 | not resolved by the identities
# doubtful: CPN 1.05 1.?1? | not resolved by the identities
# doubtful: CNPA 1.05 0.59? | not resolved by the identities
# doubtful: CNPA3 1.05 23.4?? | not resolved by the identities
# doubtful: CNPA5P 1.05 -196.AA9 | not resolved by the identities
# doubtful: CMQ 1.05 -20.6[59]2 | not resolved by the identities
# doubtful: CX2 1.1 5.43? | not resolved by the identities
# doubtful: CNA 1.1 2.0?7 | not resolved by the identities
# doubtful: CMA 1.1 4.4?2 | not resolved by the identities
# doubtful: CX2 1.2 5.9?4 | not resolved by the identities
# doubtful: CNPA3 1.2 11.[5A]37 | not resolved by the identities
# doubtful: CNPA5P 1.2 -7?.A67 | not resolved by the identities
# doubtful: CMQ 1.2 -24.37? | not resolved by the identities
# doubtful: CX2 1.35 5.37? | not resolved by the identities
# doubtful: CMA 1.35 4.29? (no reading closes the identities) | not resolved by the identities
# doubtful: CPN 1.35 1.A95 (no reading closes the identities) | not resolved by the identities
# doubtful: CNPA5P 1.35 -5A.77A | not resolved by the identities
# doubtful: CX2 1.5 4.A11 | not resolved by the identities
# doubtful: CNPA3 1.5 A.A2[37] | not resolved by the identities
# doubtful: CNPA5P 1.5 -4A.7[37]3 | not resolved by the identities
# doubtful: CMA 1.75 3.9?7 (no reading closes the identities) | not resolved by the identities
# doubtful: CPN 1.75 1.A7? (no reading closes the identities) | not resolved by the identities
# doubtful: CNPA5P 2.0 -2A.444 (no reading closes the identities) | not resolved by the identities
# doubtful: CX2 2.5 3.?0A | not resolved by the identities
# doubtful: CNPA3 2.5 5.61? | not resolved by the identities
# doubtful: CNPA5P 2.5 -1A.AAA | not resolved by the identities
# doubtful: CNPA5P 3.0 -A.55A | not resolved by the identities
# doubtful: CNPA5P 4.0 -A.55A | not resolved by the identities
# doubtful: CX2 5.0 1.A65 | not resolved by the identities
# doubtful: CNPA5P 5.0 -A.55A | not resolved by the identities
MACH,CX,CX2,CNA,CMA,CPN,CYPA,CNPA,CNPA3,CNPA5P,CPF1,CPF5,CNPA5,CMQ,CLP
0.01,0.113,,,,,-0.963,,110.072,-1063.222,,4.121,0.579,-12.772,-0.037
0.6,0.113,,,,,-0.963,,110.072,-1063.222,,4.121,0.579,-12.772,-0.037
0.8,0.115,,1.590,,,-0.963,-0.235,100.028,-962.778,3.276,4.215,0.669,-12.772,-0.035
0.9,0.135,,,,,-1.076,,73.033,-692.833,3.594,4.209,0.741,,-0.030
0.95,,,1.744,5.281,,,,,,,4.162,0.873,-17.482,-0.026
1.0,,,1.905,4.920,0.937,-1.245,,39.133,,,4.195,0.840,-21.247,-0.025
1.05,0.340,,2.040,4.506,,-1.132,,,,4.044,4.234,0.808,,-0.024
1.1,0.337,,,,1.406,-1.076,0.639,16.533,-127.833,4.114,4.256,0.792,-22.437,-0.024
1.2,0.327,,2.188,4.339,1.537,-0.963,0.651,,,4.196,4.309,0.760,,-0.024
1.35,0.310,,2.305,,,-0.963,0.669,9.628,,4.215,4.309,0.760,-25.130,-0.024
1.5,0.294,,2.430,4.112,1.828,-0.963,0.678,,,4.224,4.309,0.760,-26.922,-0.024
1.75,0.270,4.242,2.557,,,-0.963,0.687,7.619,-38.689,4.234,4.309,0.760,-26.922,-0.023
2.0,0.250,3.672,2.680,3.703,2.138,-0.963,0.696,6.614,,4.243,4.309,0.760,-26.922,-0.023
2.5,0.217,,2.837,3.379,2.329,-0.963,0.705,,,4.253,4.309,0.760,-26.922,-0.022
3.0,0.196,2.536,2.771,3.170,2.376,-0.963,0.714,4.606,,4.262,4.309,0.760,-26.922,-0.021
4.0,0.158,2.101,2.671,3.139,2.345,-0.963,0.714,4.606,,4.262,4.309,0.760,-26.922,-0.020
5.0,0.136,,2.571,3.101,2.314,-0.963,0.714,4.606,,4.262,4.309,0.760,-26.922,-0.019
