# 5"/54 NAVY -- tabela de saída do SPIN-73 (Whyte 1973), p. 56 (JP2 0059).
# A página mais degradada do relatório depois da p. 44. Leitura com classes de glifo
# (A = 6 ou 8; [xy] = x ou y; ? = ilegível); ver resolver_glifos.py. Só entram células
# legíveis ou resolvidas pelas identidades entre colunas impressas.
#
# entrada: VCG=3.210 DM=0.110 OR=13.000 BOOM=0.000
# entrada: DIA=0 IX=0 IY=0 WGT=0 TWIST=0
# cabecalho: VCG 3.21? no cabeçalho; 3.210 pelas identidades CNPA5 = CYPA*(VCG-CPF5) e CNPA = CYPA*(VCG-CPF1) com colunas impressas (Mach 0,01: 3.796 - 0.524/0.894 = 3.210; Mach 2,0: 3.919 - 0.633/0.894 = 3.211)
# cabecalho: VL 5.2A?, VN ?.63?, VB ?.52?, BD 1.04? ilegíveis
# decidir: VL 5.260 5.289 CMQ | cabeçalho 5.2A?; só uma célula do Cmq é legível (Mach 1,35)
# decidir: VB 0.520 0.529 CYPA | cabeçalho ?.52?
# decidir: VN 2.630 2.639 CPF1 | cabeçalho ?.63?
# decidir: BD 1.040 1.049 CX | cabeçalho 1.04?
#
# Gerado por resolver_glifos.py a partir de leituras/p56_5in54_navy.txt
#
# identidade: CYPA 0.01 -.A94 -> -0.894 | única leitura que fecha as identidades entre colunas impressas
# identidade: CPF1 0.01 2.7A0 -> 2.760 | única leitura que fecha as identidades entre colunas impressas
# identidade: CPF5 0.01 3.79A -> 3.796 | única leitura que fecha as identidades entre colunas impressas
# identidade: CNPA5 0.01 0.5?4 -> 0.524 | única leitura que fecha as identidades entre colunas impressas
# identidade: CYPA 1.05 -1.0?1 -> -1.051 | única leitura que fecha as identidades entre colunas impressas
# identidade: CNPA3 1.05 21.7?7 -> 21.797 | única leitura que fecha as identidades entre colunas impressas
# identidade: CNPA5P 1.05 -1?0.4?7 -> -180.467 | única leitura que fecha as identidades entre colunas impressas
# identidade: CPF1 1.05 3.72A -> 3.728 | única leitura que fecha as identidades entre colunas impressas
# identidade: CPF5 1.05 3.91A -> 3.918 | única leitura que fecha as identidades entre colunas impressas
# identidade: CNPA3 1.1 1?.3?3 -> 15.363 | única leitura que fecha as identidades entre colunas impressas
# identidade: CNPA5P 1.1 -11A.133 -> -116.133 | única leitura que fecha as identidades entre colunas impressas
# identidade: CYPA 1.2 -.A94 -> -0.894 | única leitura que fecha as identidades entre colunas impressas
# identidade: CPF1 1.2 3.A72 -> 3.872 | única leitura que fecha as identidades entre colunas impressas
# identidade: CPF5 1.2 3.9A5 -> 3.985 | única leitura que fecha as identidades entre colunas impressas
# identidade: CYPA 1.35 -.A94 -> -0.894 | única leitura que fecha as identidades entre colunas impressas
# identidade: CNPA 1.35 0.A0A -> 0.608 | única leitura que fecha as identidades entre colunas impressas
# identidade: CPF5 1.35 3.9A5 -> 3.985 | única leitura que fecha as identidades entre colunas impressas
# identidade: CNPA5 1.35 0.A92 -> 0.692 | única leitura que fecha as identidades entre colunas impressas
# identidade: CYPA 1.5 -.A94 -> -0.894 | única leitura que fecha as identidades entre colunas impressas
# identidade: CNPA 1.5 0.A17 -> 0.617 | única leitura que fecha as identidades entre colunas impressas
# identidade: CNPA5P 1.5 -4?.?93 -> -42.493 | única leitura que fecha as identidades entre colunas impressas
# identidade: CPF1 1.5 3.9?0 -> 3.900 | única leitura que fecha as identidades entre colunas impressas
# identidade: CPF5 1.5 3.9A5 -> 3.985 | única leitura que fecha as identidades entre colunas impressas
# identidade: CNA 1.75 2.A19 -> 2.619 | única leitura que fecha as identidades entre colunas impressas
# identidade: CMA 1.75 3.A5? -> 3.650 | única leitura que fecha as identidades entre colunas impressas
# identidade: CPN 1.75 1.A17 -> 1.817 | única leitura que fecha as identidades entre colunas impressas
# identidade: CYPA 1.75 -.A94 -> -0.894 | única leitura que fecha as identidades entre colunas impressas
# identidade: CNPA3 1.75 7.0A4 -> 7.064 | única leitura que fecha as identidades entre colunas impressas
# identidade: CNPA5P 1.75 -33.1?7 -> -33.137 | única leitura que fecha as identidades entre colunas impressas
# identidade: CPF5 1.75 3.9A5 -> 3.985 | única leitura que fecha as identidades entre colunas impressas
# identidade: CNPA5 1.75 0.A92 -> 0.692 | única leitura que fecha as identidades entre colunas impressas
# identidade: CYPA 2.0 -.A94 -> -0.894 | única leitura que fecha as identidades entre colunas impressas
# identidade: CNPA 2.0 0.A33 -> 0.633 | única leitura que fecha as identidades entre colunas impressas
# identidade: CNPA3 2.0 6.1[27]9 -> 6.129 | única leitura que fecha as identidades entre colunas impressas
# identidade: CPF5 2.0 3.9A5 -> 3.985 | única leitura que fecha as identidades entre colunas impressas
# identidade: CNPA5 2.0 0.A92 -> 0.692 | única leitura que fecha as identidades entre colunas impressas
# identidade: CYPA 2.5 -.A94 -> -0.894 | única leitura que fecha as identidades entre colunas impressas
# identidade: CPF5 2.5 3.9A5 -> 3.985 | única leitura que fecha as identidades entre colunas impressas
# identidade: CNPA5 2.5 0.A92 -> 0.692 | única leitura que fecha as identidades entre colunas impressas
# identidade: CNA 3.0 2.A43 -> 2.843 | única leitura que fecha as identidades entre colunas impressas
# identidade: CMA 3.0 3.0A9 -> 3.089 | única leitura que fecha as identidades entre colunas impressas
# identidade: CPN 3.0 2.1?4 -> 2.124 | única leitura que fecha as identidades entre colunas impressas
# identidade: CYPA 3.0 -.A94 -> -0.894 | única leitura que fecha as identidades entre colunas impressas
# identidade: CNPA5P 3.0 -5.0A9 -> -5.089 | única leitura que fecha as identidades entre colunas impressas
# identidade: CPF5 3.0 3.9A5 -> 3.985 | única leitura que fecha as identidades entre colunas impressas
# identidade: CNPA5 3.0 0.A92 -> 0.692 | única leitura que fecha as identidades entre colunas impressas
# identidade: CYPA 4.0 -.A94 -> -0.894 | única leitura que fecha as identidades entre colunas impressas
# identidade: CNPA5P 4.0 -5.0A9 -> -5.089 | única leitura que fecha as identidades entre colunas impressas
# identidade: CPF5 4.0 3.9A5 -> 3.985 | única leitura que fecha as identidades entre colunas impressas
# identidade: CNPA5 4.0 0.A92 -> 0.692 | única leitura que fecha as identidades entre colunas impressas
# identidade: CYPA 5.0 -.A94 -> -0.894 | única leitura que fecha as identidades entre colunas impressas
# identidade: CNPA5P 5.0 -5.0A9 -> -5.089 | única leitura que fecha as identidades entre colunas impressas
# identidade: CPF5 5.0 3.9A5 -> 3.985 | única leitura que fecha as identidades entre colunas impressas
# identidade: CNPA5 5.0 0.A92 -> 0.692 | única leitura que fecha as identidades entre colunas impressas
#
# duvidosa: CX 0.01 ?.?32 | não resolvido pelas identidades
# duvidosa: CX2 0.01 2.51? | não resolvido pelas identidades
# duvidosa: CNA 0.01 1.AA? | não resolvido pelas identidades
# duvidosa: CMA 0.01 ?.41? | não resolvido pelas identidades
# duvidosa: CPN 0.01 ?.40A | não resolvido pelas identidades
# duvidosa: CNPA 0.01 -.40? | não resolvido pelas identidades
# duvidosa: CNPA3 0.01 1A2.44A (nenhuma leitura fecha as identidades) | não resolvido pelas identidades
# duvidosa: CNPA5P 0.01 -9??.?5A (nenhuma leitura fecha as identidades) | não resolvido pelas identidades
# duvidosa: CMQ 0.01 -11.94? | não resolvido pelas identidades
# duvidosa: CX 0.6 ?.?3? | não resolvido pelas identidades
# duvidosa: CX2 0.6 2.51? | não resolvido pelas identidades
# duvidosa: CNA 0.6 ?.AA? | não resolvido pelas identidades
# duvidosa: CMA 0.6 3.4?? | não resolvido pelas identidades
# duvidosa: CPN 0.6 ?.A9? | não resolvido pelas identidades
# duvidosa: CYPA 0.6 -.A94 (nenhuma leitura fecha as identidades) | não resolvido pelas identidades
# duvidosa: CNPA 0.6 -.4A5 (nenhuma leitura fecha as identidades) | não resolvido pelas identidades
# duvidosa: CNPA3 0.6 10?.44A | não resolvido pelas identidades
# duvidosa: CNPA5P 0.6 -9??.?5A | não resolvido pelas identidades
# duvidosa: CPF1 0.6 2.7A0 (nenhuma leitura fecha as identidades) | não resolvido pelas identidades
# duvidosa: CPF5 0.6 3.79A (nenhuma leitura fecha as identidades) | não resolvido pelas identidades
# duvidosa: CNPA5 0.6 0.5?4 (nenhuma leitura fecha as identidades) | não resolvido pelas identidades
# duvidosa: CMQ 0.6 -11.94? | não resolvido pelas identidades
# duvidosa: CX 0.8 ?.?34 | não resolvido pelas identidades
# duvidosa: CX2 0.8 ?.?3A | não resolvido pelas identidades
# duvidosa: CNA 0.8 ?.AA? | não resolvido pelas identidades
# duvidosa: CMA 0.8 4.?AA | não resolvido pelas identidades
# duvidosa: CPN 0.8 ?.77A | não resolvido pelas identidades
# duvidosa: CYPA 0.8 -.A94 (nenhuma leitura fecha as identidades) | não resolvido pelas identidades
# duvidosa: CNPA 0.8 -.2?1 (nenhuma leitura fecha as identidades) | não resolvido pelas identidades
# duvidosa: CNPA3 0.8 93.A94 (nenhuma leitura fecha as identidades) | não resolvido pelas identidades
# duvidosa: CNPA5P 0.8 -?93.444 (nenhuma leitura fecha as identidades) | não resolvido pelas identidades
# duvidosa: CPF5 0.8 3.A9? (nenhuma leitura fecha as identidades) | não resolvido pelas identidades
# duvidosa: CNPA5 0.8 0.A0A (nenhuma leitura fecha as identidades) | não resolvido pelas identidades
# duvidosa: CMQ 0.8 -11.94? | não resolvido pelas identidades
# duvidosa: CX 0.9 ?.?55 | não resolvido pelas identidades
# duvidosa: CX2 0.9 3.57? | não resolvido pelas identidades
# duvidosa: CNA 0.9 ?.7?A | não resolvido pelas identidades
# duvidosa: CMA 0.9 4.54A | não resolvido pelas identidades
# duvidosa: CPN 0.9 ?.A7? | não resolvido pelas identidades
# duvidosa: CYPA 0.9 -.9?? | não resolvido pelas identidades
# duvidosa: CNPA 0.9 0.0A4 | não resolvido pelas identidades
# duvidosa: CNPA3 0.9 A7.9A3 (nenhuma leitura fecha as identidades) | não resolvido pelas identidades
# duvidosa: CNPA5P 0.9 -A47.1?? (nenhuma leitura fecha as identidades) | não resolvido pelas identidades
# duvidosa: CPF1 0.9 3.?74 | não resolvido pelas identidades
# duvidosa: CPF5 0.9 3.A9? | não resolvido pelas identidades
# duvidosa: CNPA5 0.9 0.AA0 | não resolvido pelas identidades
# duvidosa: CMQ 0.9 -14.?A3 | não resolvido pelas identidades
# duvidosa: CLP 0.9 -.02A | não resolvido pelas identidades
# duvidosa: CX 0.95 ?.212 | não resolvido pelas identidades
# duvidosa: CX2 0.95 ?.05? | não resolvido pelas identidades
# duvidosa: CNA 0.95 ?.?59 (nenhuma leitura fecha as identidades) | não resolvido pelas identidades
# duvidosa: CMA 0.95 4.4?1 (nenhuma leitura fecha as identidades) | não resolvido pelas identidades
# duvidosa: CPN 0.95 1.73? (nenhuma leitura fecha as identidades) | não resolvido pelas identidades
# duvidosa: CYPA 0.95 -1.2A2 (nenhuma leitura fecha as identidades) | não resolvido pelas identidades
# duvidosa: CNPA 0.95 0.?1A (nenhuma leitura fecha as identidades) | não resolvido pelas identidades
# duvidosa: CNPA3 0.95 53.3?7 (nenhuma leitura fecha as identidades) | não resolvido pelas identidades
# duvidosa: CNPA5P 0.95 -49A.?27 (nenhuma leitura fecha as identidades) | não resolvido pelas identidades
# duvidosa: CPF1 0.95 3.47? (nenhuma leitura fecha as identidades) | não resolvido pelas identidades
# duvidosa: CPF5 0.95 3.A55 (nenhuma leitura fecha as identidades) | não resolvido pelas identidades
# duvidosa: CNPA5 0.95 0.A14 (nenhuma leitura fecha as identidades) | não resolvido pelas identidades
# duvidosa: CMQ 0.95 -1A.A74 | não resolvido pelas identidades
# duvidosa: CX 1.0 ?.317 | não resolvido pelas identidades
# duvidosa: CX2 1.0 4.41? | não resolvido pelas identidades
# duvidosa: CMA 1.0 4.1?9 (nenhuma leitura fecha as identidades) | não resolvido pelas identidades
# duvidosa: CPN 1.0 1.A9A (nenhuma leitura fecha as identidades) | não resolvido pelas identidades
# duvidosa: CNPA 1.0 0.44A (nenhuma leitura fecha as identidades) | não resolvido pelas identidades
# duvidosa: CNPA3 1.0 36.AA3 (nenhuma leitura fecha as identidades) | não resolvido pelas identidades
# duvidosa: CNPA5P 1.0 -32A.?1? (nenhuma leitura fecha as identidades) | não resolvido pelas identidades
# duvidosa: CPF1 1.0 3.5?7 (nenhuma leitura fecha as identidades) | não resolvido pelas identidades
# duvidosa: CPF5 1.0 3.A04 (nenhuma leitura fecha as identidades) | não resolvido pelas identidades
# duvidosa: CNPA5 1.0 0.77? (nenhuma leitura fecha as identidades) | não resolvido pelas identidades
# duvidosa: CMQ 1.0 -20.53? | não resolvido pelas identidades
# duvidosa: CX 1.05 ?.?73 | não resolvido pelas identidades
# duvidosa: CX2 1.05 4.A?5 | não resolvido pelas identidades
# duvidosa: CNA 1.05 2.11? | não resolvido pelas identidades
# duvidosa: CMA 1.05 4.??9 | não resolvido pelas identidades
# duvidosa: CPN 1.05 1.?5? | não resolvido pelas identidades
# duvidosa: CMQ 1.05 -20.01? | não resolvido pelas identidades
# duvidosa: CX 1.1 ?.373 | não resolvido pelas identidades
# duvidosa: CX2 1.1 5.41? | não resolvido pelas identidades
# duvidosa: CNA 1.1 2.1?5 | não resolvido pelas identidades
# duvidosa: CMA 1.1 3.?7? | não resolvido pelas identidades
# duvidosa: CPN 1.1 1.?7? | não resolvido pelas identidades
# duvidosa: CYPA 1.1 -.9?? | não resolvido pelas identidades
# duvidosa: CNPA 1.1 0.?05 | não resolvido pelas identidades
# duvidosa: CPF1 1.1 3.79A | não resolvido pelas identidades
# duvidosa: CPF5 1.1 3.9?? | não resolvido pelas identidades
# duvidosa: CNPA5 1.1 0.72? | não resolvido pelas identidades
# duvidosa: CMQ 1.1 -21.?70 | não resolvido pelas identidades
# duvidosa: CX 1.2 ?.3AA | não resolvido pelas identidades
# duvidosa: CX2 1.2 5.97? | não resolvido pelas identidades
# duvidosa: CMA 1.2 3.9?5 | não resolvido pelas identidades
# duvidosa: CPN 1.2 1.4?5 | não resolvido pelas identidades
# duvidosa: CNPA 1.2 0.59? | não resolvido pelas identidades
# duvidosa: CNPA3 1.2 10.A09 (nenhuma leitura fecha as identidades) | não resolvido pelas identidades
# duvidosa: CNPA5P 1.2 -7?.A47 (nenhuma leitura fecha as identidades) | não resolvido pelas identidades
# duvidosa: CNPA5 1.2 0.A9? | não resolvido pelas identidades
# duvidosa: CMQ 1.2 -23.2AA | não resolvido pelas identidades
# duvidosa: CX 1.35 ?.?51 | não resolvido pelas identidades
# duvidosa: CX2 1.35 5.43? | não resolvido pelas identidades
# duvidosa: CMA 1.35 3.A43 (nenhuma leitura fecha as identidades) | não resolvido pelas identidades
# duvidosa: CPN 1.35 1.A9A (nenhuma leitura fecha as identidades) | não resolvido pelas identidades
# duvidosa: CNPA3 1.35 8.9?4 | não resolvido pelas identidades
# duvidosa: CNPA5P 1.35 -?1.A44 | não resolvido pelas identidades
# duvidosa: CPF1 1.35 3.A9? | não resolvido pelas identidades
# duvidosa: CX 1.5 ?.?39 | não resolvido pelas identidades
# duvidosa: CX2 1.5 4.A31 | não resolvido pelas identidades
# duvidosa: CNA 1.5 2.50? (nenhuma leitura fecha as identidades) | não resolvido pelas identidades
# duvidosa: CMA 1.5 3.A?A (nenhuma leitura fecha as identidades) | não resolvido pelas identidades
# duvidosa: CPN 1.5 1.A9A (nenhuma leitura fecha as identidades) | não resolvido pelas identidades
# duvidosa: CNPA5 1.5 0.A9? | não resolvido pelas identidades
# duvidosa: CMQ 1.5 -24.07A | não resolvido pelas identidades
# duvidosa: CX2 1.75 4.2AA | não resolvido pelas identidades
# duvidosa: CNPA 1.75 0.A?5 | não resolvido pelas identidades
# duvidosa: CPF1 1.75 3.9?9 | não resolvido pelas identidades
# duvidosa: CMQ 1.75 -24.07A | não resolvido pelas identidades
# duvidosa: CX2 2.0 3.73? | não resolvido pelas identidades
# duvidosa: CMA 2.0 3.47? | não resolvido pelas identidades
# duvidosa: CPN 2.0 1.?4? | não resolvido pelas identidades
# duvidosa: CMQ 2.0 -24.07A | não resolvido pelas identidades
# duvidosa: CX2 2.5 3.1?4 | não resolvido pelas identidades
# duvidosa: CNA 2.5 2.A92 (nenhuma leitura fecha as identidades) | não resolvido pelas identidades
# duvidosa: CMA 2.5 3.2A7 (nenhuma leitura fecha as identidades) | não resolvido pelas identidades
# duvidosa: CPN 2.5 2.AA? (nenhuma leitura fecha as identidades) | não resolvido pelas identidades
# duvidosa: CNPA 2.5 0.A4? | não resolvido pelas identidades
# duvidosa: CPF1 2.5 3.92A | não resolvido pelas identidades
# duvidosa: CMQ 2.5 -24.07A | não resolvido pelas identidades
# duvidosa: CNPA 3.0 0.A5? | não resolvido pelas identidades
# duvidosa: CPF1 3.0 3.93A | não resolvido pelas identidades
# duvidosa: CMQ 3.0 -24.07A | não resolvido pelas identidades
# duvidosa: CX 4.0 ?.?95 | não resolvido pelas identidades
# duvidosa: CX2 4.0 2.30? | não resolvido pelas identidades
# duvidosa: CMA 4.0 3.0A2 (nenhuma leitura fecha as identidades) | não resolvido pelas identidades
# duvidosa: CPN 4.0 2.A9? (nenhuma leitura fecha as identidades) | não resolvido pelas identidades
# duvidosa: CNPA 4.0 0.A5? | não resolvido pelas identidades
# duvidosa: CPF1 4.0 3.93A | não resolvido pelas identidades
# duvidosa: CMQ 4.0 -24.07A | não resolvido pelas identidades
# duvidosa: CX2 5.0 1.A37 | não resolvido pelas identidades
# duvidosa: CNA 5.0 2.A43 (nenhuma leitura fecha as identidades) | não resolvido pelas identidades
# duvidosa: CMA 5.0 3.??0 (nenhuma leitura fecha as identidades) | não resolvido pelas identidades
# duvidosa: CPN 5.0 2.A64 (nenhuma leitura fecha as identidades) | não resolvido pelas identidades
# duvidosa: CNPA 5.0 0.A5? | não resolvido pelas identidades
# duvidosa: CPF1 5.0 3.93A | não resolvido pelas identidades
# duvidosa: CMQ 5.0 -24.07A | não resolvido pelas identidades
MACH,CX,CX2,CNA,CMA,CPN,CYPA,CNPA,CNPA3,CNPA5P,CPF1,CPF5,CNPA5,CMQ,CLP
0.01,,,,,,-0.894,,,,2.760,3.796,0.524,,-0.035
0.6,,,,,,,,,,,,,,-0.035
0.8,,,,,,,,,,2.949,,,,-0.033
0.9,,,,,,,,,,,,,,
0.95,,,,,,,,,,,,,,-0.024
1.0,,,1.995,,,-1.157,,,,,,,,-0.023
1.05,,,,,,-1.051,0.544,21.797,-180.467,3.728,3.918,0.744,,-0.023
1.1,,,,,,,,15.363,-116.133,,,,,-0.023
1.2,,,2.252,,,-0.894,,,,3.872,3.985,,,-0.022
1.35,,,2.372,,,-0.894,0.608,,,,3.985,0.692,-23.479,-0.022
1.5,,,,,,-0.894,0.617,7.999,-42.493,3.900,3.985,,,-0.022
1.75,0.312,,2.619,3.650,1.817,-0.894,,7.064,-33.137,,3.985,0.692,,-0.021
2.0,0.291,,2.737,,,-0.894,0.633,6.129,-23.791,3.919,3.985,0.692,,-0.021
2.5,0.259,,,,,-0.894,,5.194,-14.440,,3.985,0.692,,-0.020
3.0,0.233,2.524,2.843,3.089,2.124,-0.894,,4.259,-5.089,,3.985,0.692,,-0.019
4.0,,,2.743,,,-0.894,,4.259,-5.089,,3.985,0.692,,-0.019
5.0,0.173,,,,,-0.894,,4.259,-5.089,,3.985,0.692,,-0.018
