pagina,projetil,mach,cna_impresso,cna_reconstruido,diferenca
29,20MM M56A3,0.01,2.106,2.1058,-0.0002
29,20MM M56A3,0.6,2.106,2.1058,-0.0002
29,20MM M56A3,0.8,2.126,2.1258,-0.0002
29,20MM M56A3,0.9,2.228,2.2277,-0.0003
29,20MM M56A3,0.95,2.243,2.286,0.043
29,20MM M56A3,1.0,2.344,2.345,0.001
29,20MM M56A3,1.05,2.521,2.5211,0.0001
29,20MM M56A3,1.1,2.536,2.5357,-0.0003
29,20MM M56A3,1.2,2.585,2.5875,0.0025
29,20MM M56A3,1.35,2.65,2.6595,0.0095
29,20MM M56A3,1.5,2.753,2.7529,-0.0001
29,20MM M56A3,1.75,2.849,2.8484,-0.0006
29,20MM M56A3,2.0,2.932,2.9319,-0.0001
29,20MM M56A3,2.5,2.998,2.9984,0.0004
29,20MM M56A3,3.0,2.915,2.9148,-0.0002
29,20MM M56A3,4.0,2.815,2.8148,-0.0002
29,20MM M56A3,5.0,2.715,2.7148,-0.0002
32,20MM 5CAL ANSR,0.01,2.14,2.1405,0.0005
32,20MM 5CAL ANSR,0.6,2.14,2.1405,0.0005
32,20MM 5CAL ANSR,0.8,2.16,2.1605,0.0005
32,20MM 5CAL ANSR,0.9,2.219,2.2154,-0.0036
32,20MM 5CAL ANSR,0.95,2.248,2.2494,0.0014
32,20MM 5CAL ANSR,1.0,2.285,2.2858,0.0008
32,20MM 5CAL ANSR,1.05,2.373,2.3732,0.0002
32,20MM 5CAL ANSR,1.1,2.394,2.3938,-0.0002
32,20MM 5CAL ANSR,1.2,2.455,2.4555,0.0005
32,20MM 5CAL ANSR,1.35,2.546,2.5467,0.0007
32,20MM 5CAL ANSR,1.5,2.658,2.6583,0.0003
32,20MM 5CAL ANSR,1.75,2.761,2.7609,-0.0001
32,20MM 5CAL ANSR,2.0,2.854,2.8645,0.0105
32,20MM 5CAL ANSR,2.5,2.969,2.9691,0.0001
32,20MM 5CAL ANSR,3.0,2.925,2.9248,-0.0002
32,20MM 5CAL ANSR,4.0,2.825,2.8248,-0.0002
32,20MM 5CAL ANSR,5.0,2.725,2.7248,-0.0002
35,20MM 7CAL ANSR,0.01,2.226,2.2264,0.0004
35,20MM 7CAL ANSR,0.6,2.226,2.2264,0.0004
35,20MM 7CAL ANSR,0.8,2.246,2.2464,0.0004
35,20MM 7CAL ANSR,0.9,2.296,2.2963,0.0003
35,20MM 7CAL ANSR,0.95,2.326,2.3279,0.0019
35,20MM 7CAL ANSR,1.0,2.361,2.3617,0.0007
35,20MM 7CAL ANSR,1.05,2.436,2.436,0.0
35,20MM 7CAL ANSR,1.1,2.458,2.458,0.0
35,20MM 7CAL ANSR,1.2,2.522,2.5224,0.0004
35,20MM 7CAL ANSR,1.35,2.618,2.6179,-0.0001
35,20MM 7CAL ANSR,1.5,2.734,2.7342,0.0002
35,20MM 7CAL ANSR,1.75,2.844,2.8435,-0.0005
35,20MM 7CAL ANSR,2.0,2.955,2.9577,0.0027
35,20MM 7CAL ANSR,2.5,3.078,3.0777,-0.0003
35,20MM 7CAL ANSR,3.0,3.051,3.0514,0.0004
35,20MM 7CAL ANSR,4.0,2.951,2.9514,0.0004
35,20MM 7CAL ANSR,5.0,2.851,2.8514,0.0004
38,20MM 9CAL ANSR,0.01,2.46,2.4603,0.0003
38,20MM 9CAL ANSR,0.6,2.46,2.4603,0.0003
38,20MM 9CAL ANSR,0.8,2.48,2.4803,0.0003
38,20MM 9CAL ANSR,0.9,2.525,2.5252,0.0002
38,20MM 9CAL ANSR,0.95,2.553,2.5544,0.0014
38,20MM 9CAL ANSR,1.0,2.585,2.5856,0.0006
38,20MM 9CAL ANSR,1.05,2.594,2.5941,0.0001
38,20MM 9CAL ANSR,1.1,2.617,2.6175,0.0005
38,20MM 9CAL ANSR,1.2,2.684,2.6844,0.0004
38,20MM 9CAL ANSR,1.35,2.784,2.7844,0.0004
38,20MM 9CAL ANSR,1.5,2.904,2.9052,0.0012
38,20MM 9CAL ANSR,1.75,3.014,3.0141,0.0001
38,20MM 9CAL ANSR,2.0,3.135,3.1389,0.0039
38,20MM 9CAL ANSR,2.5,3.275,3.2743,-0.0007
38,20MM 9CAL ANSR,3.0,3.266,3.266,-0.0
38,20MM 9CAL ANSR,4.0,3.166,3.166,-0.0
38,20MM 9CAL ANSR,5.0,3.066,3.066,-0.0
41,20MM 10CAL CONE,0.01,2.6,2.5996,-0.0004
41,20MM 10CAL CONE,0.6,2.6,2.5996,-0.0004
41,20MM 10CAL CONE,0.8,2.62,2.6196,-0.0004
41,20MM 10CAL CONE,0.9,2.637,2.6375,0.0005
41,20MM 10CAL CONE,0.95,2.651,2.6499,-0.0011
41,20MM 10CAL CONE,1.0,2.67,2.6692,-0.0008
41,20MM 10CAL CONE,1.05,2.642,2.6418,-0.0002
41,20MM 10CAL CONE,1.1,2.658,2.6578,-0.0002
41,20MM 10CAL CONE,1.2,2.71,2.7098,-0.0002
41,20MM 10CAL CONE,1.35,2.784,2.7878,0.0038
41,20MM 10CAL CONE,1.5,2.884,2.8868,0.0028
41,20MM 10CAL CONE,1.75,2.994,2.9936,-0.0004
41,20MM 10CAL CONE,2.0,3.095,3.0997,0.0047
41,20MM 10CAL CONE,2.5,3.198,3.1974,-0.0006
41,20MM 10CAL CONE,3.0,3.152,3.1516,-0.0004
41,20MM 10CAL CONE,4.0,3.052,3.0516,-0.0004
41,20MM 10CAL CONE,5.0,2.952,2.9516,-0.0004
44,90MM M71,0.01,1.673,1.6769,0.0039
44,90MM M71,0.6,1.673,1.6769,0.0039
44,90MM M71,0.8,1.693,1.6969,0.0039
44,90MM M71,0.9,1.745,1.7497,0.0047
44,90MM M71,0.95,1.927,1.9327,0.0057
44,90MM M71,1.0,2.101,2.0664,-0.0346
44,90MM M71,1.05,2.147,2.1765,0.0295
44,90MM M71,1.1,2.222,2.2304,0.0084
44,90MM M71,1.2,2.307,2.3137,0.0067
44,90MM M71,1.35,2.437,2.4423,0.0053
44,90MM M71,1.5,2.573,2.5761,0.0031
44,90MM M71,1.75,2.69,2.6923,0.0023
44,90MM M71,2.0,2.798,2.7901,-0.0079
44,90MM M71,2.5,2.912,2.9376,0.0256
44,90MM M71,3.0,2.903,2.9057,0.0027
44,90MM M71,4.0,2.803,2.8057,0.0027
44,90MM M71,5.0,2.703,2.7057,0.0027
50,105MM XM380E5,0.01,1.579,1.5788,-0.0002
50,105MM XM380E5,0.6,1.579,1.5788,-0.0002
50,105MM XM380E5,0.8,1.599,1.5988,-0.0002
50,105MM XM380E5,0.9,1.647,1.6471,0.0001
50,105MM XM380E5,0.95,1.753,1.7513,-0.0017
50,105MM XM380E5,1.0,1.913,1.9122,-0.0008
50,105MM XM380E5,1.05,2.05,2.0508,0.0008
50,105MM XM380E5,1.1,2.107,2.1072,0.0002
50,105MM XM380E5,1.2,2.198,2.1987,0.0007
50,105MM XM380E5,1.35,2.316,2.3166,0.0006
50,105MM XM380E5,1.5,2.443,2.4429,-0.0001
50,105MM XM380E5,1.75,2.567,2.5676,0.0006
50,105MM XM380E5,2.0,2.695,2.6946,-0.0004
50,105MM XM380E5,2.5,2.845,2.8448,-0.0002
50,105MM XM380E5,3.0,2.781,2.7815,0.0005
50,105MM XM380E5,4.0,2.681,2.6815,0.0005
50,105MM XM380E5,5.0,2.581,2.5815,0.0005
53,5/38 NAVY,0.01,1.799,1.799,0.0
53,5/38 NAVY,0.6,1.799,1.799,0.0
53,5/38 NAVY,0.8,1.819,1.819,0.0
53,5/38 NAVY,0.9,1.874,1.8738,-0.0002
53,5/38 NAVY,0.95,2.045,2.046,0.001
53,5/38 NAVY,1.0,2.139,2.139,-0.0
53,5/38 NAVY,1.05,2.227,2.227,0.0
53,5/38 NAVY,1.1,2.27,2.2698,-0.0002
53,5/38 NAVY,1.2,2.35,2.35,0.0
53,5/38 NAVY,1.35,2.471,2.471,0.0
53,5/38 NAVY,1.5,2.606,2.6062,0.0002
53,5/38 NAVY,1.75,2.714,2.7203,0.0063
53,5/38 NAVY,2.0,2.827,2.8273,0.0003
53,5/38 NAVY,2.5,2.953,2.9672,0.0142
53,5/38 NAVY,3.0,2.929,2.9431,0.0141
53,5/38 NAVY,4.0,2.829,2.8431,0.0141
53,5/38 NAVY,5.0,2.729,2.7431,0.0141
59,155MM M101,0.01,1.763,1.7632,0.0002
59,155MM M101,0.6,1.763,1.7632,0.0002
59,155MM M101,0.8,1.783,1.7832,0.0002
59,155MM M101,0.9,1.831,1.8306,-0.0004
59,155MM M101,0.95,2.039,2.035,-0.004
59,155MM M101,1.0,2.151,2.1515,0.0005
59,155MM M101,1.05,2.232,2.2327,0.0007
59,155MM M101,1.1,2.279,2.2792,0.0002
59,155MM M101,1.2,2.35,2.35,-0.0
59,155MM M101,1.35,2.466,2.4655,-0.0005
59,155MM M101,1.5,2.581,2.5813,0.0003
59,155MM M101,1.75,2.69,2.6898,-0.0002
59,155MM M101,2.0,2.77,2.7699,-0.0001
59,155MM M101,2.5,2.898,2.898,-0.0
59,155MM M101,3.0,2.849,2.8487,-0.0003
59,155MM M101,4.0,2.749,2.7487,-0.0003
59,155MM M101,5.0,2.649,2.6487,-0.0003
65,175MM M437,0.01,1.178,1.1778,-0.0002
65,175MM M437,0.6,1.178,1.1778,-0.0002
65,175MM M437,0.8,1.196,1.1978,0.0018
65,175MM M437,0.9,1.263,1.2634,0.0004
65,175MM M437,0.95,1.298,1.297,-0.001
65,175MM M437,1.0,1.624,1.6238,-0.0002
65,175MM M437,1.05,1.879,1.8812,0.0022
65,175MM M437,1.1,1.983,1.9826,-0.0004
65,175MM M437,1.2,2.089,2.0896,0.0006
65,175MM M437,1.35,2.245,2.2448,-0.0002
65,175MM M437,1.5,2.369,2.3686,-0.0004
65,175MM M437,1.75,2.506,2.5066,0.0006
65,175MM M437,2.0,2.601,2.6006,-0.0004
65,175MM M437,2.5,2.799,2.7992,0.0002
65,175MM M437,3.0,2.723,2.7232,0.0002
65,175MM M437,4.0,2.623,2.6232,0.0002
65,175MM M437,5.0,2.523,2.5232,0.0002
