projetil,coluna,mach,impresso,reconstruido,diferenca
175MM M437 (p.65),CYPA,0.01,-0.982,-0.9816,0.0004
175MM M437 (p.65),CYPA,0.6,-0.982,-0.9816,0.0004
175MM M437 (p.65),CYPA,0.8,-0.982,-0.9816,0.0004
175MM M437 (p.65),CYPA,0.9,-1.092,-1.0918,0.0002
175MM M437 (p.65),CYPA,0.95,-1.367,-1.3673,-0.0003
175MM M437 (p.65),CYPA,1.0,-1.257,-1.2571,-0.0001
175MM M437 (p.65),CYPA,1.05,-1.147,-1.1469,0.0001
175MM M437 (p.65),CYPA,1.1,-1.092,-1.0918,0.0002
175MM M437 (p.65),CYPA,1.2,-0.982,-0.9816,0.0004
175MM M437 (p.65),CYPA,1.35,-0.982,-0.9816,0.0004
175MM M437 (p.65),CYPA,1.5,-0.982,-0.9816,0.0004
175MM M437 (p.65),CYPA,1.75,-0.982,-0.9816,0.0004
175MM M437 (p.65),CYPA,2.0,-0.982,-0.9816,0.0004
175MM M437 (p.65),CYPA,2.5,-0.982,-0.9816,0.0004
175MM M437 (p.65),CYPA,3.0,-0.982,-0.9816,0.0004
175MM M437 (p.65),CYPA,4.0,-0.982,-0.9816,0.0004
175MM M437 (p.65),CYPA,5.0,-0.982,-0.9816,0.0004
175MM M437 (p.65),CPF1,0.01,3.155,3.1549,-0.0001
175MM M437 (p.65),CPF1,0.6,3.155,3.1549,-0.0001
175MM M437 (p.65),CPF1,0.8,3.335,3.3345,-0.0005
175MM M437 (p.65),CPF1,0.9,3.602,3.6019,-0.0001
175MM M437 (p.65),CPF1,0.95,3.715,3.7149,-0.0001
175MM M437 (p.65),CPF1,1.0,3.862,3.8624,0.0004
175MM M437 (p.65),CPF1,1.05,4.019,4.0189,-0.0001
175MM M437 (p.65),CPF1,1.1,4.101,4.1015,0.0005
175MM M437 (p.65),CPF1,1.2,4.215,4.2147,-0.0003
175MM M437 (p.65),CPF1,1.35,4.233,4.2327,-0.0003
175MM M437 (p.65),CPF1,1.5,4.242,4.2417,-0.0003
175MM M437 (p.65),CPF1,1.75,4.251,4.2506,-0.0004
175MM M437 (p.65),CPF1,2.0,4.26,4.2596,-0.0004
175MM M437 (p.65),CPF1,2.5,4.269,4.2686,-0.0004
175MM M437 (p.65),CPF1,3.0,4.278,4.2776,-0.0004
175MM M437 (p.65),CPF1,4.0,4.278,4.2776,-0.0004
175MM M437 (p.65),CPF1,5.0,4.278,4.2776,-0.0004
175MM M437 (p.65),CPF5,0.01,4.143,4.1429,-0.0001
175MM M437 (p.65),CPF5,0.6,4.143,4.1429,-0.0001
175MM M437 (p.65),CPF5,0.8,4.232,4.2327,0.0007
175MM M437 (p.65),CPF5,0.9,4.192,4.1923,0.0003
175MM M437 (p.65),CPF5,0.95,4.086,4.0857,-0.0003
175MM M437 (p.65),CPF5,1.0,4.139,4.1385,-0.0005
175MM M437 (p.65),CPF5,1.05,4.201,4.2015,0.0005
175MM M437 (p.65),CPF5,1.1,4.236,4.2378,0.0018
175MM M437 (p.65),CPF5,1.2,4.322,4.3225,0.0005
175MM M437 (p.65),CPF5,1.35,4.322,4.3225,0.0005
175MM M437 (p.65),CPF5,1.5,4.322,4.3225,0.0005
175MM M437 (p.65),CPF5,1.75,4.322,4.3225,0.0005
175MM M437 (p.65),CPF5,2.0,4.322,4.3225,0.0005
175MM M437 (p.65),CPF5,2.5,4.322,4.3225,0.0005
175MM M437 (p.65),CPF5,3.0,4.322,4.3225,0.0005
175MM M437 (p.65),CPF5,4.0,4.322,4.3225,0.0005
175MM M437 (p.65),CPF5,5.0,4.322,4.3225,0.0005
175MM M437 (p.65),CLP,0.01,-0.036,-0.036,0.0
175MM M437 (p.65),CLP,0.6,-0.036,-0.036,0.0
175MM M437 (p.65),CLP,0.8,-0.035,-0.035,0.0
175MM M437 (p.65),CLP,0.9,-0.029,-0.029,-0.0
175MM M437 (p.65),CLP,0.95,-0.025,-0.025,0.0
175MM M437 (p.65),CLP,1.0,-0.024,-0.024,0.0
175MM M437 (p.65),CLP,1.05,-0.024,-0.024,0.0
175MM M437 (p.65),CLP,1.1,-0.024,-0.024,0.0
175MM M437 (p.65),CLP,1.2,-0.023,-0.023,0.0
175MM M437 (p.65),CLP,1.35,-0.023,-0.023,0.0
175MM M437 (p.65),CLP,1.5,-0.023,-0.023,0.0
175MM M437 (p.65),CLP,1.75,-0.022,-0.022,0.0
175MM M437 (p.65),CLP,2.0,-0.022,-0.022,0.0
175MM M437 (p.65),CLP,2.5,-0.021,-0.021,0.0
175MM M437 (p.65),CLP,3.0,-0.02,-0.02,0.0
175MM M437 (p.65),CLP,4.0,-0.019,-0.019,0.0
175MM M437 (p.65),CLP,5.0,-0.019,-0.019,0.0
5/38 NAVY (p.53),CYPA,0.01,-0.769,-0.7694,-0.0004
5/38 NAVY (p.53),CYPA,0.6,-0.769,-0.7694,-0.0004
5/38 NAVY (p.53),CYPA,0.8,-0.769,-0.7694,-0.0004
5/38 NAVY (p.53),CYPA,0.9,-0.861,-0.8612,-0.0002
5/38 NAVY (p.53),CYPA,0.95,-1.091,-1.0907,0.0003
5/38 NAVY (p.53),CYPA,1.0,-0.999,-0.9989,0.0001
5/38 NAVY (p.53),CYPA,1.05,-0.907,-0.9071,-0.0001
5/38 NAVY (p.53),CYPA,1.1,-0.861,-0.8612,-0.0002
5/38 NAVY (p.53),CYPA,1.2,-0.769,-0.7694,-0.0004
5/38 NAVY (p.53),CYPA,1.35,-0.769,-0.7694,-0.0004
5/38 NAVY (p.53),CYPA,1.5,-0.769,-0.7694,-0.0004
5/38 NAVY (p.53),CYPA,1.75,-0.769,-0.7694,-0.0004
5/38 NAVY (p.53),CYPA,2.0,-0.769,-0.7694,-0.0004
5/38 NAVY (p.53),CYPA,2.5,-0.769,-0.7694,-0.0004
5/38 NAVY (p.53),CYPA,3.0,-0.769,-0.7694,-0.0004
5/38 NAVY (p.53),CYPA,4.0,-0.769,-0.7694,-0.0004
5/38 NAVY (p.53),CYPA,5.0,-0.769,-0.7694,-0.0004
5/38 NAVY (p.53),CPF1,0.01,2.205,2.2048,-0.0002
5/38 NAVY (p.53),CPF1,0.6,2.205,2.2048,-0.0002
5/38 NAVY (p.53),CPF1,0.8,2.396,2.3957,-0.0003
5/38 NAVY (p.53),CPF1,0.9,2.747,2.7421,-0.0049
5/38 NAVY (p.53),CPF1,0.95,2.97,2.9698,-0.0002
5/38 NAVY (p.53),CPF1,1.0,3.087,3.087,0.0
5/38 NAVY (p.53),CPF1,1.05,3.208,3.2077,-0.0003
5/38 NAVY (p.53),CPF1,1.1,3.27,3.2697,-0.0003
5/38 NAVY (p.53),CPF1,1.2,3.331,3.3312,0.0002
5/38 NAVY (p.53),CPF1,1.35,3.35,3.3503,0.0003
5/38 NAVY (p.53),CPF1,1.5,3.36,3.3598,-0.0002
5/38 NAVY (p.53),CPF1,1.75,3.369,3.3693,0.0003
5/38 NAVY (p.53),CPF1,2.0,3.379,3.3789,-0.0001
5/38 NAVY (p.53),CPF1,2.5,3.388,3.3884,0.0004
5/38 NAVY (p.53),CPF1,3.0,3.398,3.398,-0.0
5/38 NAVY (p.53),CPF1,4.0,3.398,3.398,-0.0
5/38 NAVY (p.53),CPF1,5.0,3.398,3.398,-0.0
5/38 NAVY (p.53),CPF5,0.01,3.255,3.2548,-0.0002
5/38 NAVY (p.53),CPF5,0.6,3.255,3.2548,-0.0002
5/38 NAVY (p.53),CPF5,0.8,3.35,3.3503,0.0003
5/38 NAVY (p.53),CPF5,0.9,3.366,3.3656,-0.0004
5/38 NAVY (p.53),CPF5,0.95,3.357,3.357,-0.0
5/38 NAVY (p.53),CPF5,1.0,3.377,3.3765,-0.0005
5/38 NAVY (p.53),CPF5,1.05,3.4,3.4,-0.0
5/38 NAVY (p.53),CPF5,1.1,3.414,3.4136,-0.0004
5/38 NAVY (p.53),CPF5,1.2,3.446,3.4457,-0.0003
5/38 NAVY (p.53),CPF5,1.35,3.446,3.4457,-0.0003
5/38 NAVY (p.53),CPF5,1.5,3.446,3.4457,-0.0003
5/38 NAVY (p.53),CPF5,1.75,3.446,3.4457,-0.0003
5/38 NAVY (p.53),CPF5,2.0,3.446,3.4457,-0.0003
5/38 NAVY (p.53),CPF5,2.5,3.446,3.4457,-0.0003
5/38 NAVY (p.53),CPF5,3.0,3.446,3.4457,-0.0003
5/38 NAVY (p.53),CPF5,4.0,3.446,3.4457,-0.0003
5/38 NAVY (p.53),CPF5,5.0,3.446,3.4457,-0.0003
5/38 NAVY (p.53),CLP,0.01,-0.03,-0.03,0.0
5/38 NAVY (p.53),CLP,0.6,-0.03,-0.03,0.0
5/38 NAVY (p.53),CLP,0.8,-0.029,-0.0292,-0.0002
5/38 NAVY (p.53),CLP,0.9,-0.024,-0.0242,-0.0002
5/38 NAVY (p.53),CLP,0.95,-0.021,-0.0208,0.0002
5/38 NAVY (p.53),CLP,1.0,-0.02,-0.02,0.0
5/38 NAVY (p.53),CLP,1.05,-0.02,-0.02,0.0
5/38 NAVY (p.53),CLP,1.1,-0.02,-0.02,0.0
5/38 NAVY (p.53),CLP,1.2,-0.019,-0.0192,-0.0002
5/38 NAVY (p.53),CLP,1.35,-0.019,-0.0192,-0.0002
5/38 NAVY (p.53),CLP,1.5,-0.019,-0.0192,-0.0002
5/38 NAVY (p.53),CLP,1.75,-0.019,-0.0183,0.0007
5/38 NAVY (p.53),CLP,2.0,-0.018,-0.0183,-0.0003
5/38 NAVY (p.53),CLP,2.5,-0.017,-0.0175,-0.0005
5/38 NAVY (p.53),CLP,3.0,-0.017,-0.0167,0.0003
5/38 NAVY (p.53),CLP,4.0,-0.016,-0.0158,0.0002
5/38 NAVY (p.53),CLP,5.0,-0.016,-0.0158,0.0002
20MM 5 CAL ANSR (p.32),CYPA,0.01,-0.8,-0.8,0.0
20MM 5 CAL ANSR (p.32),CYPA,0.6,-0.8,-0.8,0.0
20MM 5 CAL ANSR (p.32),CYPA,0.8,-0.8,-0.8,0.0
20MM 5 CAL ANSR (p.32),CYPA,0.9,-0.9,-0.9,0.0
20MM 5 CAL ANSR (p.32),CYPA,0.95,-1.15,-1.15,-0.0
20MM 5 CAL ANSR (p.32),CYPA,1.0,-1.05,-1.05,0.0
20MM 5 CAL ANSR (p.32),CYPA,1.05,-0.95,-0.95,0.0
20MM 5 CAL ANSR (p.32),CYPA,1.1,-0.9,-0.9,0.0
20MM 5 CAL ANSR (p.32),CYPA,1.2,-0.8,-0.8,0.0
20MM 5 CAL ANSR (p.32),CYPA,1.35,-0.8,-0.8,0.0
20MM 5 CAL ANSR (p.32),CYPA,1.5,-0.8,-0.8,0.0
20MM 5 CAL ANSR (p.32),CYPA,1.75,-0.8,-0.8,0.0
20MM 5 CAL ANSR (p.32),CYPA,2.0,-0.8,-0.8,0.0
20MM 5 CAL ANSR (p.32),CYPA,2.5,-0.8,-0.8,0.0
20MM 5 CAL ANSR (p.32),CYPA,3.0,-0.8,-0.8,0.0
20MM 5 CAL ANSR (p.32),CYPA,4.0,-0.8,-0.8,0.0
20MM 5 CAL ANSR (p.32),CYPA,5.0,-0.8,-0.8,0.0
20MM 5 CAL ANSR (p.32),CPF1,0.01,2.225,2.225,0.0
20MM 5 CAL ANSR (p.32),CPF1,0.6,2.225,2.225,0.0
20MM 5 CAL ANSR (p.32),CPF1,0.8,2.425,2.425,0.0
20MM 5 CAL ANSR (p.32),CPF1,0.9,2.825,2.825,0.0
20MM 5 CAL ANSR (p.32),CPF1,0.95,3.125,3.125,0.0
20MM 5 CAL ANSR (p.32),CPF1,1.0,3.225,3.225,0.0
20MM 5 CAL ANSR (p.32),CPF1,1.05,3.325,3.325,0.0
20MM 5 CAL ANSR (p.32),CPF1,1.1,3.375,3.375,0.0
20MM 5 CAL ANSR (p.32),CPF1,1.2,3.405,3.405,0.0
20MM 5 CAL ANSR (p.32),CPF1,1.35,3.425,3.425,0.0
20MM 5 CAL ANSR (p.32),CPF1,1.5,3.435,3.435,0.0
20MM 5 CAL ANSR (p.32),CPF1,1.75,3.445,3.445,0.0
20MM 5 CAL ANSR (p.32),CPF1,2.0,3.455,3.455,0.0
20MM 5 CAL ANSR (p.32),CPF1,2.5,3.465,3.465,0.0
20MM 5 CAL ANSR (p.32),CPF1,3.0,3.475,3.475,0.0
20MM 5 CAL ANSR (p.32),CPF1,4.0,3.475,3.475,0.0
20MM 5 CAL ANSR (p.32),CPF1,5.0,3.475,3.475,0.0
20MM 5 CAL ANSR (p.32),CPF5,0.01,3.325,3.325,0.0
20MM 5 CAL ANSR (p.32),CPF5,0.6,3.325,3.325,0.0
20MM 5 CAL ANSR (p.32),CPF5,0.8,3.425,3.425,0.0
20MM 5 CAL ANSR (p.32),CPF5,0.9,3.475,3.475,0.0
20MM 5 CAL ANSR (p.32),CPF5,0.95,3.525,3.525,0.0
20MM 5 CAL ANSR (p.32),CPF5,1.0,3.525,3.525,0.0
20MM 5 CAL ANSR (p.32),CPF5,1.05,3.525,3.525,0.0
20MM 5 CAL ANSR (p.32),CPF5,1.1,3.525,3.525,0.0
20MM 5 CAL ANSR (p.32),CPF5,1.2,3.525,3.525,0.0
20MM 5 CAL ANSR (p.32),CPF5,1.35,3.525,3.525,0.0
20MM 5 CAL ANSR (p.32),CPF5,1.5,3.525,3.525,0.0
20MM 5 CAL ANSR (p.32),CPF5,1.75,3.525,3.525,0.0
20MM 5 CAL ANSR (p.32),CPF5,2.0,3.525,3.525,0.0
20MM 5 CAL ANSR (p.32),CPF5,2.5,3.525,3.525,0.0
20MM 5 CAL ANSR (p.32),CPF5,3.0,3.525,3.525,0.0
20MM 5 CAL ANSR (p.32),CPF5,4.0,3.525,3.525,0.0
20MM 5 CAL ANSR (p.32),CPF5,5.0,3.525,3.525,0.0
20MM 7 CAL ANSR (p.35),CYPA,0.01,-1.12,-1.12,0.0
20MM 7 CAL ANSR (p.35),CYPA,0.6,-1.12,-1.12,0.0
20MM 7 CAL ANSR (p.35),CYPA,0.8,-1.12,-1.12,0.0
20MM 7 CAL ANSR (p.35),CYPA,0.9,-1.26,-1.26,0.0
20MM 7 CAL ANSR (p.35),CYPA,0.95,-1.61,-1.61,0.0
20MM 7 CAL ANSR (p.35),CYPA,1.0,-1.47,-1.47,0.0
20MM 7 CAL ANSR (p.35),CYPA,1.05,-1.33,-1.33,0.0
20MM 7 CAL ANSR (p.35),CYPA,1.1,-1.26,-1.26,0.0
20MM 7 CAL ANSR (p.35),CYPA,1.2,-1.12,-1.12,0.0
20MM 7 CAL ANSR (p.35),CYPA,1.35,-1.12,-1.12,0.0
20MM 7 CAL ANSR (p.35),CYPA,1.5,-1.12,-1.12,0.0
20MM 7 CAL ANSR (p.35),CYPA,1.75,-1.12,-1.12,0.0
20MM 7 CAL ANSR (p.35),CYPA,2.0,-1.12,-1.12,0.0
20MM 7 CAL ANSR (p.35),CYPA,2.5,-1.12,-1.12,0.0
20MM 7 CAL ANSR (p.35),CYPA,3.0,-1.12,-1.12,0.0
20MM 7 CAL ANSR (p.35),CYPA,4.0,-1.12,-1.12,0.0
20MM 7 CAL ANSR (p.35),CYPA,5.0,-1.12,-1.12,0.0
20MM 7 CAL ANSR (p.35),CPF1,0.01,3.325,3.325,0.0
20MM 7 CAL ANSR (p.35),CPF1,0.6,3.325,3.325,0.0
20MM 7 CAL ANSR (p.35),CPF1,0.8,3.525,3.525,0.0
20MM 7 CAL ANSR (p.35),CPF1,0.9,3.925,3.925,0.0
20MM 7 CAL ANSR (p.35),CPF1,0.95,4.225,4.225,0.0
20MM 7 CAL ANSR (p.35),CPF1,1.0,4.325,4.325,-0.0
20MM 7 CAL ANSR (p.35),CPF1,1.05,4.425,4.425,0.0
20MM 7 CAL ANSR (p.35),CPF1,1.1,4.475,4.475,0.0
20MM 7 CAL ANSR (p.35),CPF1,1.2,4.505,4.505,0.0
20MM 7 CAL ANSR (p.35),CPF1,1.35,4.525,4.525,0.0
20MM 7 CAL ANSR (p.35),CPF1,1.5,4.635,4.635,0.0
20MM 7 CAL ANSR (p.35),CPF1,1.75,4.745,4.745,0.0
20MM 7 CAL ANSR (p.35),CPF1,2.0,4.855,4.855,-0.0
20MM 7 CAL ANSR (p.35),CPF1,2.5,4.865,4.865,-0.0
20MM 7 CAL ANSR (p.35),CPF1,3.0,4.845,4.845,-0.0
20MM 7 CAL ANSR (p.35),CPF1,4.0,4.825,4.825,-0.0
20MM 7 CAL ANSR (p.35),CPF1,5.0,4.775,4.775,-0.0
20MM 7 CAL ANSR (p.35),CPF5,0.01,4.425,4.425,0.0
20MM 7 CAL ANSR (p.35),CPF5,0.6,4.425,4.425,0.0
20MM 7 CAL ANSR (p.35),CPF5,0.8,4.525,4.525,0.0
20MM 7 CAL ANSR (p.35),CPF5,0.9,4.575,4.575,-0.0
20MM 7 CAL ANSR (p.35),CPF5,0.95,4.625,4.625,0.0
20MM 7 CAL ANSR (p.35),CPF5,1.0,4.625,4.625,0.0
20MM 7 CAL ANSR (p.35),CPF5,1.05,4.625,4.625,0.0
20MM 7 CAL ANSR (p.35),CPF5,1.1,4.625,4.625,0.0
20MM 7 CAL ANSR (p.35),CPF5,1.2,4.625,4.625,0.0
20MM 7 CAL ANSR (p.35),CPF5,1.35,4.625,4.625,0.0
20MM 7 CAL ANSR (p.35),CPF5,1.5,4.725,4.725,0.0
20MM 7 CAL ANSR (p.35),CPF5,1.75,4.825,4.825,0.0
20MM 7 CAL ANSR (p.35),CPF5,2.0,4.925,4.925,0.0
20MM 7 CAL ANSR (p.35),CPF5,2.5,4.925,4.925,0.0
20MM 7 CAL ANSR (p.35),CPF5,3.0,4.895,4.895,0.0
20MM 7 CAL ANSR (p.35),CPF5,4.0,4.875,4.875,0.0
20MM 7 CAL ANSR (p.35),CPF5,5.0,4.825,4.825,0.0
20MM 9 CAL ANSR (p.38),CYPA,0.01,-1.44,-1.44,0.0
20MM 9 CAL ANSR (p.38),CYPA,0.6,-1.44,-1.44,0.0
20MM 9 CAL ANSR (p.38),CYPA,0.8,-1.44,-1.44,0.0
20MM 9 CAL ANSR (p.38),CYPA,0.9,-1.62,-1.62,0.0
20MM 9 CAL ANSR (p.38),CYPA,0.95,-2.07,-2.07,-0.0
20MM 9 CAL ANSR (p.38),CYPA,1.0,-1.89,-1.89,0.0
20MM 9 CAL ANSR (p.38),CYPA,1.05,-1.71,-1.71,0.0
20MM 9 CAL ANSR (p.38),CYPA,1.1,-1.62,-1.62,0.0
20MM 9 CAL ANSR (p.38),CYPA,1.2,-1.44,-1.44,0.0
20MM 9 CAL ANSR (p.38),CYPA,1.35,-1.44,-1.44,0.0
20MM 9 CAL ANSR (p.38),CYPA,1.5,-1.44,-1.44,0.0
20MM 9 CAL ANSR (p.38),CYPA,1.75,-1.44,-1.44,0.0
20MM 9 CAL ANSR (p.38),CYPA,2.0,-1.44,-1.44,0.0
20MM 9 CAL ANSR (p.38),CYPA,2.5,-1.44,-1.44,0.0
20MM 9 CAL ANSR (p.38),CYPA,3.0,-1.44,-1.44,0.0
20MM 9 CAL ANSR (p.38),CYPA,4.0,-1.44,-1.44,0.0
20MM 9 CAL ANSR (p.38),CYPA,5.0,-1.44,-1.44,0.0
20MM 9 CAL ANSR (p.38),CPF1,0.01,4.425,4.425,0.0
20MM 9 CAL ANSR (p.38),CPF1,0.6,4.425,4.425,0.0
20MM 9 CAL ANSR (p.38),CPF1,0.8,4.625,4.625,0.0
20MM 9 CAL ANSR (p.38),CPF1,0.9,5.025,5.025,0.0
20MM 9 CAL ANSR (p.38),CPF1,0.95,5.325,5.325,0.0
20MM 9 CAL ANSR (p.38),CPF1,1.0,5.425,5.425,0.0
20MM 9 CAL ANSR (p.38),CPF1,1.05,5.525,5.525,0.0
20MM 9 CAL ANSR (p.38),CPF1,1.1,5.575,5.575,0.0
20MM 9 CAL ANSR (p.38),CPF1,1.2,5.605,5.605,0.0
20MM 9 CAL ANSR (p.38),CPF1,1.35,5.625,5.625,0.0
20MM 9 CAL ANSR (p.38),CPF1,1.5,5.935,5.935,-0.0
20MM 9 CAL ANSR (p.38),CPF1,1.75,6.245,6.245,-0.0
20MM 9 CAL ANSR (p.38),CPF1,2.0,6.555,6.555,0.0
20MM 9 CAL ANSR (p.38),CPF1,2.5,6.565,6.565,0.0
20MM 9 CAL ANSR (p.38),CPF1,3.0,6.485,6.485,-0.0
20MM 9 CAL ANSR (p.38),CPF1,4.0,6.425,6.425,0.0
20MM 9 CAL ANSR (p.38),CPF1,5.0,6.275,6.275,0.0
20MM 9 CAL ANSR (p.38),CPF5,0.01,5.525,5.525,0.0
20MM 9 CAL ANSR (p.38),CPF5,0.6,5.525,5.525,0.0
20MM 9 CAL ANSR (p.38),CPF5,0.8,5.625,5.625,0.0
20MM 9 CAL ANSR (p.38),CPF5,0.9,5.675,5.675,0.0
20MM 9 CAL ANSR (p.38),CPF5,0.95,5.725,5.725,0.0
20MM 9 CAL ANSR (p.38),CPF5,1.0,5.725,5.725,-0.0
20MM 9 CAL ANSR (p.38),CPF5,1.05,5.725,5.725,0.0
20MM 9 CAL ANSR (p.38),CPF5,1.1,5.725,5.725,-0.0
20MM 9 CAL ANSR (p.38),CPF5,1.2,5.725,5.725,0.0
20MM 9 CAL ANSR (p.38),CPF5,1.35,5.725,5.725,0.0
20MM 9 CAL ANSR (p.38),CPF5,1.5,6.025,6.025,-0.0
20MM 9 CAL ANSR (p.38),CPF5,1.75,6.325,6.325,-0.0
20MM 9 CAL ANSR (p.38),CPF5,2.0,6.625,6.625,0.0
20MM 9 CAL ANSR (p.38),CPF5,2.5,6.625,6.625,0.0
20MM 9 CAL ANSR (p.38),CPF5,3.0,6.535,6.535,-0.0
20MM 9 CAL ANSR (p.38),CPF5,4.0,6.475,6.475,0.0
20MM 9 CAL ANSR (p.38),CPF5,5.0,6.325,6.325,-0.0
155MM M101/107 (p.59),CYPA,0.01,-0.767,-0.7666,0.0004
155MM M101/107 (p.59),CYPA,0.6,-0.767,-0.7666,0.0004
155MM M101/107 (p.59),CYPA,0.8,-0.767,-0.7666,0.0004
155MM M101/107 (p.59),CYPA,0.9,-0.857,-0.8568,0.0002
155MM M101/107 (p.59),CYPA,0.95,-1.082,-1.0823,-0.0003
155MM M101/107 (p.59),CYPA,1.0,-0.992,-0.9921,-0.0001
155MM M101/107 (p.59),CYPA,1.05,-0.902,-0.9019,0.0001
155MM M101/107 (p.59),CYPA,1.1,-0.857,-0.8568,0.0002
155MM M101/107 (p.59),CYPA,1.2,-0.767,-0.7666,0.0004
155MM M101/107 (p.59),CYPA,1.35,-0.767,-0.7666,0.0004
155MM M101/107 (p.59),CYPA,1.5,-0.767,-0.7666,0.0004
155MM M101/107 (p.59),CYPA,1.75,-0.767,-0.7666,0.0004
155MM M101/107 (p.59),CYPA,2.0,-0.767,-0.7666,0.0004
155MM M101/107 (p.59),CYPA,2.5,-0.767,-0.7666,0.0004
155MM M101/107 (p.59),CYPA,3.0,-0.767,-0.7666,0.0004
155MM M101/107 (p.59),CYPA,4.0,-0.767,-0.7666,0.0004
155MM M101/107 (p.59),CYPA,5.0,-0.767,-0.7666,0.0004
155MM M101/107 (p.59),CPF1,0.01,2.277,2.2769,-0.0001
155MM M101/107 (p.59),CPF1,0.6,2.277,2.2769,-0.0001
155MM M101/107 (p.59),CPF1,0.8,2.465,2.4652,0.0002
155MM M101/107 (p.59),CPF1,0.9,2.797,2.7974,0.0004
155MM M101/107 (p.59),CPF1,0.95,3.004,3.0064,0.0024
155MM M101/107 (p.59),CPF1,1.0,3.17,3.1278,-0.0422
155MM M101/107 (p.59),CPF1,1.05,3.294,3.2536,-0.0404
155MM M101/107 (p.59),CPF1,1.1,3.318,3.3185,0.0005
155MM M101/107 (p.59),CPF1,1.2,3.388,3.3876,-0.0004
155MM M101/107 (p.59),CPF1,1.35,3.406,3.4065,0.0005
155MM M101/107 (p.59),CPF1,1.5,3.416,3.4159,-0.0001
155MM M101/107 (p.59),CPF1,1.75,3.425,3.4253,0.0003
155MM M101/107 (p.59),CPF1,2.0,3.435,3.4347,-0.0003
155MM M101/107 (p.59),CPF1,2.5,3.444,3.4441,0.0001
155MM M101/107 (p.59),CPF1,3.0,3.454,3.4535,-0.0005
155MM M101/107 (p.59),CPF1,4.0,3.454,3.4535,-0.0005
155MM M101/107 (p.59),CPF1,5.0,3.454,3.4535,-0.0005
155MM M101/107 (p.59),CPF5,0.01,3.312,3.3123,0.0003
155MM M101/107 (p.59),CPF5,0.6,3.312,3.3123,0.0003
155MM M101/107 (p.59),CPF5,0.8,3.404,3.4065,0.0025
155MM M101/107 (p.59),CPF5,0.9,3.413,3.4132,0.0002
155MM M101/107 (p.59),CPF5,0.95,3.39,3.3897,-0.0003
155MM M101/107 (p.59),CPF5,1.0,3.414,3.4142,0.0002
155MM M101/107 (p.59),CPF5,1.05,3.444,3.4436,-0.0004
155MM M101/107 (p.59),CPF5,1.1,3.461,3.4606,-0.0004
155MM M101/107 (p.59),CPF5,1.2,3.501,3.5006,-0.0004
155MM M101/107 (p.59),CPF5,1.35,3.501,3.5006,-0.0004
155MM M101/107 (p.59),CPF5,1.5,3.501,3.5006,-0.0004
155MM M101/107 (p.59),CPF5,1.75,3.501,3.5006,-0.0004
155MM M101/107 (p.59),CPF5,2.0,3.501,3.5006,-0.0004
155MM M101/107 (p.59),CPF5,2.5,3.501,3.5006,-0.0004
155MM M101/107 (p.59),CPF5,3.0,3.501,3.5006,-0.0004
155MM M101/107 (p.59),CPF5,4.0,3.501,3.5006,-0.0004
155MM M101/107 (p.59),CPF5,5.0,3.501,3.5006,-0.0004
155MM M101/107 (p.59),CLP,0.01,-0.03,-0.0295,0.0005
155MM M101/107 (p.59),CLP,0.6,-0.03,-0.0295,0.0005
155MM M101/107 (p.59),CLP,0.8,-0.028,-0.0286,-0.0006
155MM M101/107 (p.59),CLP,0.9,-0.024,-0.0237,0.0003
155MM M101/107 (p.59),CLP,0.95,-0.021,-0.0205,0.0005
155MM M101/107 (p.59),CLP,1.0,-0.02,-0.0196,0.0004
155MM M101/107 (p.59),CLP,1.05,-0.019,-0.0196,-0.0006
155MM M101/107 (p.59),CLP,1.1,-0.019,-0.0196,-0.0006
155MM M101/107 (p.59),CLP,1.2,-0.019,-0.0188,0.0002
155MM M101/107 (p.59),CLP,1.35,-0.019,-0.0188,0.0002
155MM M101/107 (p.59),CLP,1.5,-0.019,-0.0188,0.0002
155MM M101/107 (p.59),CLP,1.75,-0.018,-0.018,-0.0
155MM M101/107 (p.59),CLP,2.0,-0.018,-0.018,-0.0
155MM M101/107 (p.59),CLP,2.5,-0.017,-0.0172,-0.0002
155MM M101/107 (p.59),CLP,3.0,-0.016,-0.0164,-0.0004
155MM M101/107 (p.59),CLP,4.0,-0.016,-0.0156,0.0004
155MM M101/107 (p.59),CLP,5.0,-0.016,-0.0156,0.0004
